player.id,global.player.id,period,game.clock,time,points.type,touch.time,dribbles,shot.distance,result,offense.direction,x_loc,y_loc,game.id
3928,263884,1,10:49,1453777902646,3,0.72,0,24.55,made,left,12.24495,48.53303,2016012523
3928,263884,1,10:01,1453777950085,3,1,0,22.97,missed,left,6.47415,47.93265,2016012523
3928,263884,1,8:53,1453778030602,2,0.82,0,24.26,missed,left,15.76298,3.13579,2016012523
3928,263884,1,5:15,1453778303675,2,0.72,0,7.97,missed,left,6.35304,32.89579,2016012523
3928,263884,2,4:15,1453780564215,3,1,0,24.51,missed,left,29.61266,27.67949,2016012523
3928,263884,2,2:55,1453780700692,3,0.92,0,24.37,missed,left,29.49227,27.46748,2016012523
3928,263884,2,2:49,1453780706492,2,1.52,1,1.79,missed,left,6.75183,24.03173,2016012523
3928,263884,3,11:49,1453782187452,2,1.12,0,1.21,made,right,88.31471,26.12398,2016012523
3928,263884,3,11:22,1453782231851,2,1.05,0,20.26,made,right,75.17679,9.95965,2016012523
3928,263884,3,10:15,1453782369087,3,0.8,0,22.3,made,right,84.34061,46.85731,2016012523
3928,263884,3,6:09,1453782705199,2,2.28,1,4.67,made,right,87.4987,29.49475,2016012523
3928,263884,3,5:14,1453783010790,3,0.76,0,24.19,made,right,73.57403,43.83587,2016012523
3928,263884,3,4:23,1453783142587,2,0.88,0,6.35,missed,right,86.65593,19.00883,2016012523
3928,263884,3,4:23,1453783143107,2,0.48,0,5.24,made,right,87.23567,19.98263,2016012523
3928,263884,3,3:28,1453783247945,3,2.21,0,26.22,missed,right,62.54291,24.33273,2016012523
3928,263884,3,3:11,1453783265384,2,0.4,0,2.24,made,right,87.04218,26.44619,2016012523
3928,263884,4,2:06,1453785275490,2,0,0,20.24,missed,right,79.79283,6.84818,2016012523
5337,609567,1,6:25,1453778233558,2,2.28,2,11.66,missed,left,15.34971,30.83597,2016012523
5337,609567,2,3:33,1453780630894,2,1.72,1,6.32,made,left,4.67559,18.70462,2016012523
5337,609567,2,3:30,1453780665413,3,0.88,0,27.32,missed,left,24.78673,44.10336,2016012523
5337,609567,3,9:41,1453782430526,3,0.8,0,22.78,made,right,89.57109,47.76034,2016012523
5337,609567,3,2:01,1453783335102,3,2.6,1,24.41,missed,right,68.47921,11.39735,2016012523
5337,609567,3,0:39,1453783607854,2,8.12,5,3.66,missed,right,86.17016,27.59833,2016012523
5337,609567,6,4:27,1453788078054,3,0.72,0,23.6,missed,right,79.02419,46.50023,2016012523
4288,329824,1,10:14,1453777937565,2,1.04,0,15.79,made,left,3.72907,9.27893,2016012523
4288,329824,1,4:41,1453778500551,3,0.92,0,26.77,missed,left,17.97645,48.55477,2016012523
4288,329824,1,4:20,1453778521549,2,2.4,0,16.62,missed,left,12.5266,39.94481,2016012523
4288,329824,2,5:42,1453780368981,2,0.68,0,3.68,made,left,6.65156,21.6027,2016012523
4288,329824,2,2:26,1453780901126,2,0.52,0,2.25,made,left,7.31712,25.89107,2016012523
4288,329824,3,10:54,1453782285610,3,1,0,24.4,made,right,69.3878,39.84411,2016012523
4288,329824,3,9:13,1453782458685,3,0.92,0,24.57,made,right,68.34328,38.69079,2016012523
4288,329824,3,7:29,1453782625201,3,0.85,0,26.4,made,right,69.18056,42.71774,2016012523
4288,329824,3,6:58,1453782655840,3,0.64,0,28.9,made,right,64.82563,41.22106,2016012523
4288,329824,4,6:12,1453784497190,2,0.76,0,13.29,missed,right,75.52635,23.6993,2016012523
4795,340730,1,9:49,1453777962684,2,1.76,1,22,missed,left,15.62898,44.39853,2016012523
4795,340730,1,8:07,1453778087241,2,1.96,1,24.3,missed,left,17.19592,3.84383,2016012523
4795,340730,1,7:57,1453778097881,2,4,3,3.69,made,left,8.75443,26.1651,2016012523
4795,340730,1,5:44,1453778275076,2,3.2,3,21.04,missed,left,15.86264,6.82884,2016012523
4795,340730,1,4:02,1453778539469,2,4.32,5,3.91,missed,left,7.84923,22.08314,2016012523
4795,340730,2,9:59,1453779901873,2,3.4,2,10.13,made,left,15.37396,24.83008,2016012523
4795,340730,2,8:08,1453780064030,3,0.93,0,24.34,made,left,25.19171,38.95406,2016012523
4795,340730,2,7:45,1453780087628,2,6.76,6,2.85,made,left,7.51166,26.74163,2016012523
4795,340730,2,6:05,1453780346622,2,2.92,3,17.05,missed,left,16.50478,12.18711,2016012523
4795,340730,2,1:48,1453780939486,2,2.44,1,17.16,made,left,12.75742,9.57391,2016012523
4795,340730,2,1:29,1453780958285,3,0.96,0,26.49,missed,left,29.61653,14.61142,2016012523
4795,340730,2,0:43,1453781057282,2,1.89,1,3.61,made,left,6.18479,28.4847,2016012523
4795,340730,3,8:08,1453782585921,3,4.12,3,25.36,made,right,71.09451,43.20309,2016012523
4795,340730,3,3:48,1453783177906,2,11.05,13,12.26,missed,right,87.26578,37.16712,2016012523
4795,340730,4,10:25,1453783956764,2,8.24,7,19.49,missed,right,74.42107,11.78433,2016012523
4795,340730,4,9:37,1453784004724,2,2.48,2,6.56,missed,right,82.30791,23.75277,2016012523
4795,340730,4,8:39,1453784228318,2,1.16,0,1.84,missed,right,87.93754,26.64993,2016012523
4795,340730,5,4:42,1453786525615,2,5.72,5,20.52,made,right,68.58574,28.80138,2016012523
4795,340730,6,2:29,1453788526642,3,3.45,2,24.71,missed,right,64.4206,20.66486,2016012523
4890,462980,1,11:17,1453777874246,2,4.2,5,1.86,made,left,3.88608,23.74146,2016012523
4890,462980,1,9:16,1453777995603,2,10.68,11,15.53,missed,left,5.71322,9.48096,2016012523
4890,462980,1,7:28,1453778143680,3,3.92,4,29.93,missed,left,35.16841,24.23008,2016012523
4890,462980,1,6:48,1453778197358,2,8.8,10,19.49,missed,left,24.39652,21.37161,2016012523
4890,462980,1,6:18,1453778240597,3,3.55,3,23.51,missed,left,26.2598,14.4536,2016012523
4890,462980,1,3:44,1453778611387,3,9.56,11,24.41,missed,left,29.63309,26.06775,2016012523
4890,462980,1,2:50,1453778774584,2,3.8,4,10.22,missed,left,12.0759,17.39143,2016012523
4890,462980,1,1:25,1453779118734,2,11.32,12,18.75,missed,left,23.12974,30.6404,2016012523
4890,462980,2,0:50,1453781050363,2,8.85,11,19.57,missed,left,24.48693,28.58877,2016012523
4890,462980,2,0:05,1453781220159,2,1.02,0,11.83,missed,left,79.21074,31.99929,2016012523
4890,462980,3,6:31,1453782683439,2,11.56,12,5.94,missed,right,82.86185,25.75517,2016012523
4890,462980,3,5:33,1453782972951,3,3.56,3,25.81,missed,right,63.47644,19.77465,2016012523
4890,462980,3,3:13,1453783263343,2,11.6,6,21.29,missed,right,67.8512,20.95982,2016012523
4890,462980,3,0:03,1453783644053,2,21.78,21,18.85,made,right,75.17608,11.91649,2016012523
4890,462980,4,5:39,1453784681465,3,1.56,1,23.75,made,right,65.03124,23.80015,2016012523
4890,462980,4,3:31,1453784924178,2,8.26,10,19.57,made,right,75.76645,10.35817,2016012523
4890,462980,4,2:55,1453785173332,3,12.41,13,24.28,missed,right,64.7126,28.39538,2016012523
4890,462980,4,0:36,1453785703597,2,19.01,23,19.55,missed,right,69.861,30.0376,2016012523
4890,462980,5,4:05,1453786618613,3,3.85,4,24.33,missed,right,65.83868,16.80422,2016012523
4890,462980,5,2:00,1453786950724,2,7.77,8,21.68,made,right,73.57248,9.52335,2016012523
4890,462980,5,1:20,1453786995403,2,6.79,6,4.41,missed,right,87.20333,20.8698,2016012523
4890,462980,5,1:02,1453787013483,2,12.24,11,15.22,missed,right,73.96208,28.59458,2016012523
4890,462980,5,0:02,1453787491069,2,23.3,25,5.56,missed,right,87.33837,30.37349,2016012523
4890,462980,5,0:01,1453787815621,3,0.58,1,34.94,missed,right,54.05869,29.16185,2016012523
4890,462980,6,2:57,1453788478564,2,10.08,11,20.84,missed,right,68.99883,18.36628,2016012523
5282,513526,1,3:19,1453778746264,2,2.2,1,6.37,missed,left,7.84201,30.8197,2016012523
5282,513526,1,0:54,1453779193453,3,0.88,0,25.15,missed,left,30.40083,25.45119,2016012523
5282,513526,2,11:44,1453779564522,3,0.64,0,24.35,made,left,3.61321,0.70203,2016012523
5282,513526,2,10:43,1453779815715,3,1.52,1,24.74,made,left,28.05385,15.41509,2016012523
5282,513526,3,1:43,1453783352702,3,0.68,0,24.25,made,right,73.90537,44.17082,2016012523
5282,513526,3,1:10,1453783574575,2,0.8,0,21.22,made,right,69.93985,15.18049,2016012523
5282,513526,4,11:33,1453783843448,2,0.8,0,13.33,missed,right,91.06868,38.12853,2016012523
5282,513526,4,8:01,1453784266916,3,0.64,0,22.23,missed,right,90.35028,2.83066,2016012523
5282,513526,4,4:58,1453784722624,3,0.72,0,26.6,made,right,62.69966,30.38622,2016012523
5282,513526,4,4:03,1453784869980,3,0.68,0,25.94,made,right,72.05701,5.14748,2016012523
5282,513526,4,2:01,1453785280889,3,0.69,0,25.15,made,right,84.9829,49.86679,2016012523
5282,513526,5,2:57,1453786813568,3,0.24,0,22.5,made,right,85.03917,2.8093,2016012523
5282,513526,6,3:59,1453788279889,3,0.68,0,27.28,missed,right,68.00677,7.28283,2016012523
5282,513526,6,1:17,1453788745357,2,1.44,1,6.13,made,right,82.71818,26.09564,2016012523
5282,513526,6,0:11,1453789109187,3,1.32,0,30.4,made,right,60.14684,35.28694,2016012523
5469,606731,1,1:46,1453779097495,2,3.12,2,6.26,missed,left,7.62485,19.20509,2016012523
5469,606731,2,11:19,1453779589761,3,0.92,0,24.77,missed,left,28.97892,17.90994,2016012523
5469,606731,2,10:53,1453779805516,2,2.08,1,5.99,missed,left,10.13961,28.46124,2016012523
5469,606731,2,9:11,1453779974551,3,0.48,0,27.67,missed,left,20.12074,48.33237,2016012523
5469,606731,2,0:29,1453781121401,2,1.65,1,2.78,missed,left,6.16163,27.62717,2016012523
5469,606731,4,9:55,1453783985964,2,2.8,1,6.59,made,right,82.18724,25.57212,2016012523
5469,606731,5,3:02,1453786808488,3,0.69,0,25.49,missed,right,64.55643,16.96707,2016012523
5469,606731,5,1:32,1453786983243,3,1.12,0,25.35,missed,right,64.35538,31.90687,2016012523
5469,606731,6,2:27,1453788528962,2,0.68,0,6.78,missed,right,81.97877,24.67701,2016012523
5469,606731,6,0:37,1453788991270,2,2.32,2,5.91,missed,right,85.56186,20.01867,2016012523
4618,295923,3,2:38,1453783297982,2,1.16,0,1.68,missed,right,90.18572,25.86527,2016012523
4618,295923,3,0:35,1453783612174,2,0.04,0,10.99,missed,right,78.59092,29.20098,2016012523
4618,295923,4,9:26,1453784015564,2,0.88,0,2.19,made,right,86.61252,24.53161,2016012523
5105,263565,2,9:38,1453779927673,2,0.56,0,9.36,missed,left,12.60734,30.78873,2016012523
5105,263565,2,8:48,1453779997231,3,6.09,5,25.58,made,left,23.83427,7.41818,2016012523
5105,263565,2,6:38,1453780313463,2,3.76,3,20.36,made,left,19.64264,39.40254,2016012523
5105,263565,4,7:26,1453784334475,2,13.13,14,19.41,missed,right,76.57842,9.88577,2016012523
4720,509450,1,11:38,1453777835968,2,4.16,3,6.22,missed,right,84.55496,20.40407,2016012523
4720,509450,1,8:39,1453778055082,2,1.16,0,4.11,made,right,86.90107,21.33347,2016012523
4720,509450,1,4:30,1453778510750,2,4.36,1,0.46,missed,right,88.9852,25.39835,2016012523
4720,509450,1,2:06,1453779077175,2,2.16,1,5.22,made,right,83.9582,22.92046,2016012523
4720,509450,1,1:40,1453779103774,2,5.08,4,2.87,made,right,86.0815,26.06296,2016012523
4720,509450,2,7:53,1453780078988,2,8.73,8,4.3,missed,right,84.8902,23.1042,2016012523
4720,509450,2,7:19,1453780272303,2,7.24,1,19.87,made,right,90.14858,5.17433,2016012523
4720,509450,2,6:58,1453780293223,2,1.12,1,1.34,made,right,88.20947,23.7718,2016012523
4720,509450,2,5:51,1453780360340,2,3.08,3,4.19,missed,right,86.26836,21.62407,2016012523
4720,509450,2,4:29,1453780523697,2,1.49,0,3.3,made,right,85.58175,24.07874,2016012523
4720,509450,2,3:42,1453780621774,3,0.88,0,24.15,missed,right,64.70471,27.20251,2016012523
4720,509450,2,3:07,1453780687972,2,1.8,1,1.41,made,right,88.19353,23.70974,2016012523
4720,509450,2,2:02,1453780925086,2,1.96,1,6.17,made,right,83.14538,22.42496,2016012523
4720,509450,3,9:59,1453782385247,2,0.04,0,11.39,made,left,7.03643,36.24459,2016012523
4720,509450,3,9:30,1453782441285,2,2.16,2,5.87,made,left,5.98959,30.82726,2016012523
4720,509450,3,9:04,1453782467165,2,0.56,0,2.07,made,left,5.68701,27.02157,2016012523
4720,509450,3,7:11,1453782643480,2,3.32,0,19.16,missed,left,12.94157,42.54357,2016012523
4720,509450,3,6:46,1453782668199,2,0.36,1,1.76,made,left,4.16994,23.60779,2016012523
4720,509450,3,6:23,1453782690919,3,1.08,0,24.93,missed,left,29.0346,32.46225,2016012523
4720,509450,3,4:04,1453783161786,2,0.84,0,3.48,made,left,5.9678,28.40244,2016012523
4720,509450,3,2:56,1453783279982,2,0.84,0,5.77,made,left,10.97594,24.27155,2016012523
4720,509450,4,7:06,1453784374874,2,3.21,1,1.88,missed,left,4.99026,23.13351,2016012523
4720,509450,4,6:36,1453784473711,2,3.08,1,2.32,made,left,3.01064,24.40554,2016012523
4720,509450,4,2:25,1453785204172,2,2.01,1,7.62,made,left,11.78076,28.92497,2016012523
4720,509450,4,1:49,1453785294489,3,0.88,0,25.25,made,left,27.5758,13.2157,2016012523
4720,509450,4,0:55,1453785681558,2,3.76,1,5.1,made,left,6.21484,19.99484,2016012523
4720,509450,5,4:23,1453786544455,2,0.04,0,2.78,made,left,7.3986,26.76785,2016012523
4720,509450,5,3:20,1453786716691,2,3.53,3,16.51,missed,left,19.45352,33.42548,2016012523
4720,509450,5,1:49,1453786964404,2,3.6,3,0.78,made,left,5.72052,25.62014,2016012523
4720,509450,5,0:40,1453787035562,2,0.68,0,6.29,made,left,11.52242,24.52305,2016012523
4136,266358,1,11:02,1453777889726,2,0.96,0,24.08,missed,right,72.07592,7.62408,2016012523
4136,266358,1,10:37,1453777914126,2,0.76,0,3.78,made,right,87.86482,28.6738,2016012523
4136,266358,1,7:43,1453778111881,2,2.32,0,3.12,missed,right,85.70934,25.70325,2016012523
4136,266358,1,7:00,1453778184998,2,2.92,3,18.59,made,right,71.35169,18.4543,2016012523
4136,266358,1,5:03,1453778315155,3,0.8,0,25.79,made,right,67.47811,39.57523,2016012523
4136,266358,1,3:11,1453778753864,2,0.04,0,1.85,made,right,90.44952,24.26409,2016012523
4136,266358,2,0:06,1453781214798,2,1.68,1,4.65,made,right,84.55561,22.98854,2016012523
4136,266358,4,10:35,1453783946485,3,3.24,3,24.78,missed,left,29.63896,29.36289,2016012523
4136,266358,4,5:21,1453784699505,2,3.44,1,9.34,made,left,11.0425,17.67749,2016012523
4136,266358,4,3:42,1453784891580,2,3.16,2,5.72,missed,left,8.27776,20.15168,2016012523
4136,266358,4,3:14,1453785154973,2,1.72,2,15.25,missed,left,14.9135,13.20831,2016012523
4136,266358,4,0:28,1453785711238,2,0.04,0,1.4,made,left,5.76623,23.70004,2016012523
5466,699950,1,6:02,1453778256876,2,0.04,0,2.48,made,right,87.95534,22.65477,2016012523
5466,699950,1,5:31,1453778287796,2,3.71,0,0.79,missed,right,88.55942,24.23349,2016012523
5466,699950,1,5:29,1453778289596,2,0.56,0,2.02,missed,right,86.81398,24.40708,2016012523
5466,699950,2,6:22,1453780329702,2,0.52,0,3.66,made,right,87.5238,28.44747,2016012523
5466,699950,2,1:40,1453780947285,2,NA,0,1.5,missed,right,89.40726,26.35152,2016012523
5466,699950,3,2:24,1453783311982,2,1.4,0,13.94,made,left,18.24178,30.05616,2016012523
5466,699950,6,2:04,1453788565081,2,0.08,0,4.46,missed,left,9.5869,23.96117,2016012523
5466,699950,6,0:12,1453789015830,2,0.72,0,2.95,made,left,4.44021,22.1625,2016012523
4149,262882,1,9:31,1453777980204,3,1.16,0,22.76,made,right,84.36181,2.66322,2016012523
4149,262882,1,9:10,1453778001444,2,4.32,5,3.49,made,right,86.90731,27.96237,2016012523
4149,262882,1,4:08,1453778532750,2,7.97,8,17.6,missed,right,88.13481,7.40829,2016012523
4149,262882,2,5:15,1453780395939,2,2.63,1,17.49,missed,right,86.46111,42.34063,2016012523
4149,262882,3,8:21,1453782573042,2,1.36,0,14.8,missed,left,15.93115,35.24945,2016012523
4149,262882,4,3:11,1453785157453,2,0.05,0,3.92,made,left,5.93206,28.86487,2016012523
4149,262882,6,3:34,1453788304648,3,4.6,5,25.77,missed,left,21.35948,45.1167,2016012523
5158,604898,1,3:55,1453778546110,2,0.04,0,3.38,made,right,89.72044,28.23884,2016012523
5158,604898,1,3:35,1453778655306,2,1.45,1,5.85,made,right,87.4087,19.30641,2016012523
5158,604898,2,4:02,1453780577376,3,2.04,1,25.82,missed,right,70.61391,43.37838,2016012523
4626,295432,1,0:26,1453779292969,2,4.72,3,4.22,made,right,88.44811,20.78956,2016012523
4626,295432,2,11:08,1453779600082,2,2.2,2,5.65,made,right,83.23901,23.77322,2016012523
4626,295432,2,1:01,1453781035843,2,2.33,2,4.14,made,right,87.70328,29.00175,2016012523
4626,295432,3,7:50,1453782603841,3,1.44,0,22.23,made,left,9.99966,3.28129,2016012523
4626,295432,3,1:53,1453783343501,2,4.53,4,5.6,missed,left,5.5423,30.58993,2016012523
4626,295432,4,11:11,1453783865527,2,5.32,4,18.68,missed,left,23.80266,22.86014,2016012523
4626,295432,4,9:42,1453783999404,2,10.04,10,5.78,missed,left,7.78935,30.18832,2016012523
4626,295432,4,2:37,1453785192291,3,2,1,24.75,missed,left,23.51347,8.2955,2016012523
4626,295432,4,1:33,1453785317209,2,2.69,3,4.67,made,left,7.2276,20.77184,2016012523
4626,295432,5,3:46,1453786637332,3,0.8,0,23,missed,left,6.21804,2.02096,2016012523
4626,295432,6,1:54,1453788603160,3,1.28,0,24.31,missed,left,29.3573,21.86927,2016012523
4626,295432,6,0:02,1453789241662,2,2.45,2,17.65,missed,left,19.85799,15.0853,2016012523
4628,503779,2,10:15,1453779886074,3,0.8,0,26.3,made,right,72.54442,45.70814,2016012523
4628,503779,2,9:26,1453779939912,2,2.04,2,4.48,missed,right,85.65089,21.76397,2016012523
4628,503779,3,1:24,1453783372021,3,0.72,0,26.8,missed,left,30.15696,15.09363,2016012523
4628,503779,3,0:57,1453783587615,3,0.81,0,23.77,made,left,12.31544,2.30382,2016012523
4628,503779,4,11:48,1453783828008,2,2.96,1,5.5,missed,left,10.0929,22.39131,2016012523
4628,503779,4,10:10,1453783971085,3,0.92,0,27.64,missed,left,29.40628,38.4302,2016012523
4628,503779,4,8:59,1453784208719,3,0.88,0,25.69,made,left,30.16545,31.25342,2016012523
4628,503779,4,4:20,1453784852781,2,0.6,0,3.7,made,left,8.91368,25.52778,2016012523
4628,503779,5,2:27,1453786909285,3,0.76,0,24.78,missed,left,23.15425,7.87031,2016012523
4628,503779,6,0:52,1453788843314,3,0.72,0,27.62,missed,left,24.90826,5.60494,2016012523
4296,393434,1,0:01,1453779378967,3,1.69,2,38.96,missed,right,39.94964,42.71693,2016012523
4296,393434,2,11:28,1453779580482,2,0.28,0,22.28,missed,right,66.69548,28.17941,2016012523
4296,393434,2,8:58,1453779987511,3,0.8,0,26.49,missed,right,69.52492,43.22625,2016012523
4296,393434,3,0:27,1453783620334,3,0.8,0,23.43,missed,left,24.18397,38.79624,2016012523
4296,393434,4,8:27,1453784241037,2,0.52,0,3.89,made,left,7.13165,28.40741,2016012523
4296,393434,4,6:03,1453784506950,2,0.68,0,13.03,made,left,4.93925,11.97584,2016012523
4296,393434,6,1:29,1453788628039,2,1.33,1,22.52,missed,left,25.57055,34.71771,2016012523
4485,398066,2,8:27,1453780018110,2,1.72,1,5.65,missed,right,84.54679,28.77165,2016012523
4751,399702,3,4:51,1453783034110,3,0.84,0,22.51,missed,left,6.87697,2.54622,2016012523
5008,603095,1,9:08,1454294757236,2,5.57,5,3.32,made,right,85.51327,25.7246,2016013113
5008,603095,1,7:43,1454294867393,3,1.25,0,23.83,made,right,80.68356,47.42643,2016013113
5008,603095,2,4:13,1454297114785,2,4.65,5,4.54,missed,right,85.23899,22.12378,2016013113
5008,603095,2,3:14,1454297253540,3,1.12,0,24.02,made,right,85.38929,1.22057,2016013113
5008,603095,3,7:02,1454299309993,2,1.76,0,1.94,made,left,6.54531,26.44886,2016013113
5008,603095,4,5:49,1454301532879,2,0.64,0,2.81,made,left,6.70318,22.5985,2016013113
5008,603095,4,3:33,1454301668275,2,2.84,2,4.4,made,left,9.64782,24.78132,2016013113
3928,263884,1,11:44,1454294504845,3,1.01,0,25.16,made,right,78.24025,47.85989,2016013113
3928,263884,1,9:29,1454294735797,3,1.12,0,24.73,missed,right,74.0664,5.09546,2016013113
3928,263884,1,8:30,1454294812756,3,1.17,0,24.1,missed,right,65.7343,17.86429,2016013113
3928,263884,1,4:39,1454295064306,2,0.8,0,3.63,missed,right,91.69614,27.12115,2016013113
3928,263884,1,3:59,1454295290419,3,0.86,0,24.51,missed,right,64.69737,29.73535,2016013113
3928,263884,2,4:49,1454297079346,2,4.97,1,17.89,missed,right,87.06106,7.18722,2016013113
3928,263884,2,3:45,1454297222942,3,1,0,24.31,made,right,80.24621,2.22661,2016013113
3928,263884,2,2:25,1454297301699,3,0.88,0,24.52,made,right,64.72553,29.92183,2016013113
3928,263884,2,1:09,1454297647288,3,1.69,0,23.19,made,right,75.2636,43.86012,2016013113
3928,263884,3,8:14,1454299237356,2,1.4,0,16.64,made,left,6.13222,8.38019,2016013113
3928,263884,3,7:08,1454299304072,3,0.8,0,23.78,missed,left,7.32959,1.30928,2016013113
3928,263884,3,6:24,1454299352591,2,3.6,3,6.69,made,left,11.74217,23.40054,2016013113
3928,263884,4,5:14,1454301567358,2,1.4,0,3.5,made,left,7.80627,27.38772,2016013113
4288,329824,1,9:50,1454294697799,3,1.12,0,23.21,missed,right,86.79305,48.12808,2016013113
4288,329824,1,5:37,1454295006589,2,0.2,0,6.45,made,right,82.30571,25.18225,2016013113
4288,329824,1,4:57,1454295047147,3,1.37,0,25.38,missed,right,63.42044,26.59091,2016013113
4288,329824,3,10:57,1454298897166,2,2.09,1,15.76,missed,left,20.00606,19.47339,2016013113
4288,329824,3,9:37,1454299070361,3,0.96,0,24.8,missed,left,24.46165,9.31795,2016013113
4288,329824,3,7:04,1454299307513,2,1.24,0,1.31,missed,left,6.11521,24.01758,2016013113
4288,329824,3,6:01,1454299375151,2,1.01,0,2.67,made,left,7.87183,25.52128,2016013113
4288,329824,4,6:27,1454301475841,2,2.9,2,11.59,missed,left,3.15604,13.60418,2016013113
4890,462980,1,11:16,1454294532845,3,0.97,0,23.92,made,right,79.87002,2.78846,2016013113
4890,462980,1,6:40,1454294943830,3,1.97,2,24.2,made,right,65.18498,30.50991,2016013113
4890,462980,1,6:01,1454294982908,2,3.85,3,13.74,missed,right,75.42578,28.33877,2016013113
4890,462980,1,1:04,1454295682645,2,8.68,7,18.79,missed,right,71.47246,17.60892,2016013113
4890,462980,1,0:23,1454295749403,2,2.46,0,8.55,missed,right,80.21952,25.58587,2016013113
4890,462980,2,0:16,1454297703725,3,14.81,14,24.61,missed,right,65.70597,16.37209,2016013113
4890,462980,3,10:03,1454299044482,2,10.44,14,13.53,missed,left,13.22437,35.92647,2016013113
4890,462980,3,6:06,1454299370751,3,5.38,3,23.82,missed,left,28.05223,31.90162,2016013113
4890,462980,3,5:34,1454299559824,3,0.75,0,23.75,missed,left,23.39511,9.66976,2016013113
4890,462980,3,4:32,1454299724939,2,6.66,6,18.35,missed,left,23.39467,27.75844,2016013113
4890,462980,3,3:42,1454299878813,3,9.5,8,26.61,missed,left,25.94091,8.26498,2016013113
4890,462980,3,1:43,1454300232963,2,6.81,5,0.77,made,left,6.02173,25.02259,2016013113
4890,462980,4,4:48,1454301593436,3,4.12,4,24.17,missed,left,24.70618,39.34212,2016013113
4890,462980,4,4:14,1454301627155,2,2,1,8.33,missed,left,3.90021,33.22077,2016013113
4795,340730,1,10:29,1454294658520,3,0.92,0,22.83,missed,right,88.23803,47.826,2016013113
4795,340730,1,8:09,1454294841874,2,1.01,0,19.19,missed,right,86.53876,5.93981,2016013113
4795,340730,1,7:16,1454294894031,2,1.09,0,19.24,made,right,89.10903,44.23654,2016013113
4795,340730,1,6:10,1454294973710,2,2.7,0,24.06,missed,right,68.39771,37.82921,2016013113
4795,340730,2,10:43,1454296095431,2,2.14,0,11.65,missed,right,78.34155,30.23233,2016013113
4795,340730,2,9:54,1454296182789,3,1.04,0,24.76,made,right,75.80909,46.10333,2016013113
4795,340730,2,6:59,1454296690400,2,1.07,0,4.46,missed,right,85.38295,27.92414,2016013113
4795,340730,3,11:29,1454298835808,2,2.21,1,22.49,missed,left,20.01323,41.97198,2016013113
4795,340730,3,10:31,1454298934805,3,1,0,24.43,missed,left,25.1582,39.15293,2016013113
4795,340730,3,5:00,1454299683460,2,1.65,1,21.61,missed,left,18.99625,41.67479,2016013113
5105,263565,2,9:24,1454296212068,2,10.95,11,20.88,missed,right,75.1089,40.80966,2016013113
5105,263565,2,6:36,1454296728718,2,9.72,8,8.4,made,right,80.92251,21.95496,2016013113
5105,263565,2,4:56,1454297072307,3,8.94,9,24.86,missed,right,66.44182,14.02466,2016013113
5105,263565,2,2:51,1454297276701,2,2.09,2,9.38,missed,right,80.06637,28.55908,2016013113
5105,263565,2,0:45,1454297675046,2,1.89,1,11.21,missed,right,77.88806,27.77721,2016013113
5105,263565,4,10:37,1454300758865,3,7.96,10,24.03,missed,left,21.11863,43.04648,2016013113
5105,263565,4,9:36,1454300868421,2,0.77,0,2.02,made,left,5.45973,27.0127,2016013113
5105,263565,4,3:04,1454301697233,2,8.64,10,10.42,missed,left,15.00177,28.6672,2016013113
5105,263565,4,2:58,1454301727112,2,3.89,2,9.9,made,left,13.6206,19.71684,2016013113
5105,263565,4,0:45,1454302161018,2,14.78,13,21.67,missed,left,20.81755,40.07326,2016013113
5105,263565,4,0:16,1454302194017,2,17.59,22,5.27,missed,left,10.24221,26.67437,2016013113
5469,606731,1,1:55,1454295631206,3,0.8,0,25.6,missed,right,73.57615,4.38111,2016013113
5469,606731,2,11:30,1454296028274,2,2.33,1,7.89,made,right,81.75554,21.34337,2016013113
5469,606731,2,11:14,1454296052394,2,1.73,0,3.91,missed,right,88.35364,21.11175,2016013113
5469,606731,2,7:25,1454296635681,2,2.2,0,9.28,missed,right,88.00397,15.74661,2016013113
5469,606731,2,7:23,1454296638201,2,1.43,0,2.9,made,right,85.92329,24.36237,2016013113
5469,606731,3,2:05,1454300211402,2,3.38,2,10.27,made,left,11.27448,16.67666,2016013113
5469,606731,3,1:18,1454300257841,2,1.01,0,3.06,made,left,6.26706,22.11036,2016013113
5469,606731,4,8:00,1454301196210,2,5.44,2,4.16,made,left,8.74291,27.25848,2016013113
5469,606731,4,7:06,1454301262768,2,3.65,1,5.91,missed,left,6.74396,19.27897,2016013113
4618,295923,1,1:00,1454295685886,2,0.04,0,3.72,missed,right,85.93837,27.43573,2016013113
4618,295923,2,5:21,1454297018189,2,0.75,0,1.53,made,right,89.73973,23.83509,2016013113
4618,295923,2,4:39,1454297089307,2,1.17,1,8.5,missed,right,86.40137,33.17274,2016013113
4618,295923,4,1:08,1454302134579,2,0.68,0,16.67,missed,left,5.10617,8.32855,2016013113
5337,609567,1,0:07,1454295781722,3,0.65,0,23.26,missed,right,84.31279,47.83529,2016013113
5337,609567,2,8:43,1454296451567,3,0.76,0,22.47,made,right,88.08523,47.45974,2016013113
5337,609567,2,7:19,1454296671000,3,0.86,0,25.19,made,right,76.32607,3.08935,2016013113
5337,609567,4,11:37,1454300664827,3,0.64,0,31.45,missed,left,35.23252,15.51181,2016013113
5337,609567,4,8:57,1454300923619,2,5.96,2,3.76,missed,left,9.00909,25.06594,2016013113
5337,609567,4,8:42,1454300938419,3,1.33,0,26.11,made,left,15.86307,48.85297,2016013113
5337,609567,4,7:00,1454301294686,3,0.72,0,28.54,missed,left,23.8426,3.34503,2016013113
5337,609567,4,2:25,1454301924305,2,2.93,2,20.13,missed,left,7.28457,45.02507,2016013113
5282,513526,1,4:35,1454295255019,2,0.89,0,21,made,right,72.23393,37.96363,2016013113
5282,513526,1,3:41,1454295325897,2,1.03,0,7.24,missed,right,81.53192,25.50453,2016013113
5282,513526,1,2:36,1454295390776,2,0.76,0,21.65,missed,right,71.7284,38.38457,2016013113
5282,513526,1,1:27,1454295659486,2,1.11,1,11.23,missed,right,77.57606,26.14867,2016013113
5282,513526,3,3:08,1454299963811,2,0.85,0,17.24,made,left,21.79318,20.1607,2016013113
5282,513526,3,2:43,1454299988251,3,0.73,0,26,missed,left,26.95641,10.68794,2016013113
5282,513526,3,1:22,1454300253401,3,0.93,0,23.2,missed,left,4.12905,48.17396,2016013113
5282,513526,3,0:43,1454300393077,3,3.99,2,25.86,missed,left,30.80448,21.01642,2016013113
5282,513526,3,0:15,1454300440676,3,0.73,0,25.75,made,left,21.44362,4.98315,2016013113
5282,513526,4,10:06,1454300790183,2,0.84,0,20.56,made,left,23.85773,33.75552,2016013113
5523,786407,4,1:52,1454302043142,2,2.4,2,22,missed,left,17.28106,43.4171,2016013113
5523,786407,4,1:28,1454302113820,2,5.8,2,4.08,missed,left,6.0577,21.00228,2016013113
5318,786412,1,10:09,1454294678119,2,2.31,0,6.83,made,left,11.70364,22.76804,2016013113
5318,786412,1,6:55,1454294914670,2,2.98,1,6.86,missed,left,7.52286,18.52343,2016013113
5318,786412,1,4:13,1454295277459,2,2.88,2,4.55,missed,left,9.5633,23.5568,2016013113
5318,786412,2,4:19,1454297108946,2,5.46,1,7.51,missed,left,7.87732,32.03601,2016013113
5318,786412,2,1:42,1454297565610,2,0.09,0,2.96,made,left,7.32761,27.11142,2016013113
5318,786412,4,9:16,1454300904500,2,0.88,0,20.67,missed,right,73.76074,10.7637,2016013113
5318,786412,4,7:25,1454301244568,2,0.04,0,0.87,made,right,89.37254,24.39331,2016013113
5318,786412,4,5:30,1454301551399,2,3.6,2,4.63,made,right,84.51343,23.12023,2016013113
5318,786412,4,2:41,1454301744152,2,2.1,1,3.27,missed,right,89.47412,28.19166,2016013113
5318,786412,4,1:00,1454302141859,2,5.57,5,4.57,made,right,84.78313,27.27726,2016013113
3118,3100,1,11:00,1454294548043,2,2.81,2,22.36,missed,left,27.28718,28.81171,2016013113
3118,3100,1,9:15,1454294749957,2,10.77,9,6.32,missed,left,6.41633,31.20813,2016013113
3118,3100,1,7:24,1454294886432,2,3.83,1,9.12,missed,left,5.41922,34.11628,2016013113
3118,3100,1,6:16,1454294967749,2,1.13,0,24.13,missed,left,19.69341,5.67422,2016013113
3118,3100,1,4:49,1454295055146,3,4.66,4,24.87,missed,left,27.27932,36.54665,2016013113
3118,3100,1,2:54,1454295372656,2,3.38,2,8.48,made,left,8.14374,17.02702,2016013113
3118,3100,1,2:27,1454295399855,2,7.16,5,11.85,made,left,16.81649,27.57984,2016013113
3118,3100,1,0:39,1454295717484,2,2.33,1,14.87,missed,left,15.79706,14.52277,2016013113
3118,3100,2,8:23,1454296472247,3,1.74,0,25.76,made,left,29.72695,16.96556,2016013113
3118,3100,2,6:49,1454296715278,3,0.88,0,25.79,made,left,20.27948,45.95743,2016013113
3118,3100,2,6:17,1454296747957,3,0.84,0,26.44,made,left,19.06982,47.54265,2016013113
3118,3100,3,11:47,1454298818089,3,1.92,1,29.04,missed,right,62.45639,12.675,2016013113
3118,3100,3,11:19,1454298845808,2,3.28,3,3.07,made,right,85.69773,25.35155,2016013113
3118,3100,3,9:14,1454299132879,2,7.71,6,21.46,missed,right,81.23535,45.10478,2016013113
3118,3100,3,7:27,1454299285353,2,5.1,4,13.63,made,right,81.05865,36.25711,2016013113
3118,3100,3,6:49,1454299323193,3,1.35,0,27.12,made,right,71.03071,45.52534,2016013113
3118,3100,3,6:13,1454299363751,3,2.63,4,24.72,missed,right,67.36479,37.40283,2016013113
3118,3100,3,4:48,1454299708500,3,2.47,0,26.06,missed,right,74.75871,46.98768,2016013113
4479,266369,1,11:28,1454294520005,2,1.08,0,9.98,missed,left,15.17945,23.95648,2016013113
4479,266369,1,5:13,1454295030668,2,0.76,0,18.26,missed,left,5.74445,6.74727,2016013113
4479,266369,2,3:02,1454297265100,2,1.12,0,5.38,missed,left,10.37385,23.34651,2016013113
4479,266369,2,3:01,1454297266020,2,0.12,0,4.42,missed,left,9.46191,23.64511,2016013113
5357,551975,1,9:37,1454294728517,2,1,0,19.93,missed,left,16.77436,41.26608,2016013113
5357,551975,1,8:55,1454294787956,3,2.27,0,23.37,made,left,13.38923,3.09482,2016013113
5357,551975,1,7:58,1454294852113,3,0.8,0,25.02,made,left,18.403,46.28129,2016013113
5357,551975,1,6:27,1454294957630,3,0.73,0,23.82,missed,left,17.98657,4.8724,2016013113
5357,551975,1,3:52,1454295314937,2,1.59,0,5.88,missed,left,9.21111,29.34153,2016013113
5357,551975,2,2:42,1454297285660,2,6.63,3,4.73,made,left,9.97367,24.8469,2016013113
5357,551975,2,0:57,1454297659087,2,7.49,9,18.32,made,left,19.98088,14.10174,2016013113
5357,551975,2,0:02,1454297733645,2,11.41,13,4.75,missed,left,7.75846,20.9628,2016013113
5357,551975,3,8:34,1454299192116,2,4.28,2,21.44,made,right,67.33989,26.21737,2016013113
5357,551975,4,7:41,1454301215330,2,7.64,6,8.46,missed,right,81.56037,29.46617,2016013113
3971,292401,1,5:53,1454294991149,2,1.37,1,17.97,missed,left,7.70679,42.7981,2016013113
3971,292401,2,4:04,1454297203182,3,3.62,2,24.93,made,left,28.44362,34.12824,2016013113
3971,292401,2,3:34,1454297233581,3,5.87,6,24.32,missed,left,20.36792,44.04653,2016013113
3971,292401,2,1:44,1454297563530,2,6.35,6,6.09,missed,left,9.15605,20.33297,2016013113
3971,292401,2,0:37,1454297683167,3,7.14,7,24.5,missed,left,29.58966,27.83236,2016013113
3971,292401,3,9:52,1454299055081,3,1.44,0,25.82,missed,right,65.47941,36.19792,2016013113
3971,292401,3,7:52,1454299259434,3,3.43,0,23.34,missed,right,89.31214,48.33445,2016013113
3971,292401,3,5:50,1454299543465,2,3.24,3,8.42,missed,right,88.0501,16.60463,2016013113
3971,292401,3,3:35,1454299885534,2,4.09,6,8.72,missed,right,89.3665,33.70226,2016013113
3971,292401,3,1:29,1454300246921,3,2.38,3,24.41,missed,right,64.64565,28.8767,2016013113
5433,844038,3,3:55,1454299865495,2,6.6,9,14.63,made,right,80.82254,12.70933,2016013113
5433,844038,4,10:24,1454300771864,2,4.48,1,10.05,made,right,89.18182,35.03798,2016013113
5433,844038,4,6:48,1454301306326,2,6.48,6,20.03,made,right,69.42915,30.29245,2016013113
5433,844038,4,4:58,1454301583077,3,3.04,1,25.8,missed,right,63.58707,19.28715,2016013113
5433,844038,4,1:21,1454302120980,3,1.04,0,25.57,missed,right,67.62603,10.58394,2016013113
4294,263228,2,10:36,1454296102431,3,0.93,0,24.61,missed,left,15.52066,47.3659,2016013113
4294,263228,2,5:08,1454297060347,3,1.09,0,24.61,missed,left,27.25788,36.00275,2016013113
4294,263228,4,11:18,1454300683907,3,1.81,0,24.9,missed,right,73.91604,5.00172,2016013113
4294,263228,4,8:50,1454300929779,3,5.17,3,24.39,missed,right,67.37159,13.25656,2016013113
4294,263228,4,6:01,1454301500360,2,4.17,3,15.22,missed,right,81.64081,11.54592,2016013113
4294,263228,4,3:15,1454301686114,3,0.96,0,25.23,missed,right,64.12064,30.46614,2016013113
3959,229792,1,3:21,1454295345777,2,7.44,2,4.13,missed,left,3.75238,28.84701,2016013113
3959,229792,1,1:38,1454295648646,2,0.76,0,9.3,missed,left,14.393980000000001,23.29192,2016013113
3959,229792,2,10:04,1454296172788,2,0.28,0,8.56,missed,left,9.98986,32.12526,2016013113
3959,229792,4,10:48,1454300747545,2,0.04,0,2.26,missed,right,89.28677,22.80772,2016013113
5218,510784,1,1:16,1454295669887,2,1.11,0,10.99,made,left,14.81768,30.41566,2016013113
5218,510784,1,0:03,1454295810082,3,0.79,0,21.93,missed,left,5.96557,46.91451,2016013113
5218,510784,2,11:42,1454296016754,2,0.93,0,18.89,missed,left,12.12377,7.4051,2016013113
5218,510784,2,10:57,1454296081552,2,0.76,0,6.55,made,left,10.5018,28.91459,2016013113
5218,510784,3,4:26,1454299730699,2,1,0,6.99,made,right,86.07987,31.46468,2016013113
5218,510784,3,2:27,1454300189484,3,0.84,0,24.06,missed,right,68.83312,38.50702,2016013113
5218,510784,3,1:52,1454300224282,3,1.01,0,24.12,missed,right,68.25418,12.2901,2016013113
5218,510784,3,1:01,1454300374758,2,1.07,0,19.33,missed,right,69.6382,27.88383,2016013113
5218,510784,4,10:50,1454300745985,2,0.88,0,12.51,missed,right,80.66917,34.55429,2016013113
5544,553779,4,3:54,1454301647675,2,1.92,2,18.51,missed,right,79.33557,9.06639,2016013113
5544,553779,4,0:35,1454302170937,3,0.92,0,25.39,made,right,69.8162,41.92191,2016013113
5544,553779,4,0:10,1454302200017,3,3.42,3,25.24,missed,right,63.54008,26.1752,2016013113
5094,400617,4,4:33,1454301608956,2,2.56,0,13.62,made,right,87.62951,11.42151,2016013113
4631,330057,1,11:44,1454555568265,2,1.16,0,16.98,missed,right,76.49372,13.24746,2016020323
4631,330057,1,7:19,1454555881736,2,0.96,0,12.47,missed,right,77.57799,30.54446,2016020323
4631,330057,2,8:50,1454557322939,2,2.44,1,5.27,made,right,83.48116,25.00468,2016020323
4631,330057,3,10:51,1454559620757,2,1.72,1,6.25,missed,left,11.2938,23.42574,2016020323
4631,330057,3,8:45,1454559823033,2,0.52,0,5.03,made,left,7.19026,20.35883,2016020323
4631,330057,3,7:34,1454560098104,2,0.68,0,2.98,made,left,7.99491,26.16402,2016020323
4631,330057,3,6:21,1454560280780,2,0.68,0,3.64,made,left,5.2255,21.36214,2016020323
4631,330057,4,5:10,1454562239609,2,0.88,0,10.81,missed,left,4.25207,35.76738,2016020323
4631,330057,4,1:46,1454562609918,2,0.36,0,4.05,made,left,6.33194,28.90001,2016020323
5190,550991,1,7:58,1454555843538,3,0.8,0,24.65,made,right,75.3592,45.69059,2016020323
5190,550991,1,5:28,1454556214687,3,0.68,0,22.38,missed,right,86.41507,2.74711,2016020323
5190,550991,2,6:30,1454557664249,2,10.53,4,4.9,missed,right,87.02825,20.41513,2016020323
5190,550991,2,6:27,1454557667409,2,3.12,1,5.48,made,right,87.78866,19.60927,2016020323
5190,550991,2,5:49,1454557746248,2,1.92,0,17.04,made,right,76.40004,13.25568,2016020323
5190,550991,2,3:24,1454558091158,2,0.84,0,3.75,made,right,88.34617,28.73036,2016020323
3513,3494,1,4:09,1454556346364,2,1.08,0,15.15,made,right,86.10361,10.08709,2016020323
3513,3494,1,3:40,1454556374725,3,0.96,0,23.62,made,right,65.67294,30.0266,2016020323
3513,3494,1,2:32,1454556614037,2,5.04,2,8.94,missed,right,79.84863,24.20145,2016020323
3513,3494,1,2:13,1454556670075,3,0.76,0,23.95,made,right,89.4397,1.06337,2016020323
3513,3494,2,5:06,1454557789246,2,0.84,0,20,missed,right,68.75613,24.5484,2016020323
3513,3494,2,3:47,1454558068838,2,1.96,1,4.96,missed,right,84.52661,22.39694,2016020323
3513,3494,2,3:45,1454558070119,2,0.88,0,1.52,made,right,90.17051,24.46553,2016020323
3513,3494,2,1:59,1454558328032,2,1.86,2,3.41,missed,right,86.8841,22.14262,2016020323
3513,3494,2,1:09,1454558423910,2,0.64,0,2.54,missed,right,86.32967,25.77673,2016020323
3513,3494,3,9:41,1454559728034,2,2.64,2,7.42,missed,left,12.65572,24.60394,2016020323
3513,3494,3,9:37,1454559750035,2,0,0,2.34,missed,left,6.25239,27.11702,2016020323
3513,3494,3,0:42,1454561036599,2,0.79,0,16.46,made,left,21.69932,24.46862,2016020323
3513,3494,4,7:21,1454561842978,2,0.5,0,20.21,missed,left,20.16403,38.63885,2016020323
3513,3494,4,6:54,1454561908537,2,1.16,0,18.14,made,left,21.01245,16.02615,2016020323
3513,3494,4,5:37,1454562060613,2,0.52,0,2.81,missed,left,7.04567,27.16206,2016020323
3513,3494,4,0:27,1454563162824,2,0.58,0,17.38,missed,left,6.07457,7.63706,2016020323
4937,398424,1,10:34,1454555655062,2,5,6,20.55,made,right,70.81307,14.96347,2016020323
4937,398424,1,9:42,1454555724261,2,2.08,2,8.44,made,right,90.41359,16.72856,2016020323
4937,398424,1,8:19,1454555822698,3,0.96,0,22.79,made,right,90.89163,2.30706,2016020323
4937,398424,1,7:06,1454555894976,3,1.64,1,24.97,made,right,70.85518,42.4173,2016020323
4937,398424,1,6:13,1454556164129,3,1.04,0,24.58,made,right,67.15261,13.27364,2016020323
4937,398424,2,5:34,1454557761287,3,0.92,0,23.1,missed,right,87.11072,1.95491,2016020323
4937,398424,2,1:04,1454558429470,2,1.64,1,10.16,made,right,85.91171,34.75565,2016020323
4937,398424,2,0:02,1454558570865,2,2.96,3,13.92,missed,right,76.34599,18.67627,2016020323
4937,398424,3,5:23,1454560403457,2,2.86,3,21.39,missed,left,21.84872,38.49406,2016020323
4937,398424,3,5:12,1454560414977,2,0.49,0,4.96,missed,left,7.30025,29.51661,2016020323
4937,398424,3,4:08,1454560654330,3,1,0,24.75,made,left,22.78753,42.46538,2016020323
4937,398424,3,2:06,1454560825925,2,3,1,7.53,missed,left,11.47903,20.76932,2016020323
4937,398424,3,2:03,1454560828845,2,1.76,0,12.92,made,left,3.40104,12.21176,2016020323
4937,398424,3,1:45,1454560846365,2,3.04,2,2.41,made,left,7.33029,26.21955,2016020323
4937,398424,3,0:05,1454561090878,2,13.36,11,8.84,missed,left,8.63064,33.16908,2016020323
4937,398424,4,0:30,1454563032587,2,11.8,16,6.63,missed,left,8.95118,30.49478,2016020323
4387,399612,1,11:13,1454555599384,3,1.04,0,24.07,missed,right,64.80618,22.51702,2016020323
4387,399612,1,5:52,1454556190729,2,3.88,3,8.18,made,right,81.87796,20.55937,2016020323
4387,399612,1,1:47,1454556714355,2,1.44,1,21.17,made,right,76.95719,42.57813,2016020323
4387,399612,1,0:57,1454556763634,2,3.24,2,2.77,missed,right,88.13617,27.69835,2016020323
4387,399612,1,0:32,1454556841791,2,5.8,5,11.3,missed,right,81.94533,34.01735,2016020323
4387,399612,2,4:33,1454558005840,2,2.15,2,9.35,missed,right,86.55157,34.09285,2016020323
4387,399612,2,0:37,1454558461028,2,7.16,7,14.35,missed,right,74.47667,26.47137,2016020323
4387,399612,3,9:10,1454559777873,2,2.88,1,11.78,made,left,17.01266,24.44026,2016020323
4387,399612,3,4:56,1454560456855,2,3.6,4,11.82,missed,left,16.90698,23.05261,2016020323
4387,399612,3,4:27,1454560635330,2,1.4,1,15.36,missed,left,19.36665,31.05461,2016020323
4387,399612,3,3:35,1454560687129,2,4.76,3,8.73,made,left,13.68992,22.77041,2016020323
4387,399612,3,3:05,1454560717848,2,3.12,2,13.41,missed,left,18.64824,25.66913,2016020323
4387,399612,4,3:43,1454562493722,2,7.04,7,16.47,made,left,10.82992,40.49348,2016020323
4387,399612,4,3:13,1454562523281,2,3.8,4,12.87,missed,left,14.38089,34.06824,2016020323
4387,399612,4,2:42,1454562554200,2,4.12,1,9.83,made,left,6.1204,34.79548,2016020323
5322,554804,1,3:09,1454556406603,2,2.09,1,19.63,missed,right,69.83585,30.24644,2016020323
5322,554804,2,11:22,1454557102265,3,0.6,0,22.51,made,right,88.15686,2.49755,2016020323
5322,554804,2,10:37,1454557146824,3,0.76,0,25.04,missed,right,63.70579,24.91419,2016020323
5322,554804,2,2:59,1454558116398,2,2.04,1,17.87,made,right,86.3068,42.70205,2016020323
5322,554804,3,1:02,1454561015521,3,0.68,0,26.52,missed,left,31.05579,18.90825,2016020323
5322,554804,4,9:55,1454561447629,3,0.64,0,27.63,made,left,32.20714,31.07966,2016020323
5322,554804,4,8:26,1454561682223,3,0.84,0,26.2,missed,left,25.51487,8.38602,2016020323
5322,554804,4,8:02,1454561763461,3,2.17,2,24.99,missed,left,29.61379,19.43484,2016020323
5322,554804,4,7:57,1454561768100,2,0.56,0,4.67,made,left,9.12566,27.59853,2016020323
5322,554804,4,5:39,1454562059093,2,1.52,1,12.64,missed,left,3.46457,37.5121,2016020323
5482,750703,1,5:00,1454556277246,2,0.72,0,3.64,made,right,89.90935,28.45282,2016020323
5482,750703,1,4:26,1454556311245,2,5.48,3,13.25,missed,right,84.12891,12.58203,2016020323
5482,750703,2,10:32,1454557152063,2,1.04,0,17.92,made,right,86.61977,42.79621,2016020323
5482,750703,2,9:24,1454557269260,3,0.92,0,21.91,missed,right,89.0732,3.09124,2016020323
5482,750703,2,5:04,1454557792006,2,0.36,0,3.89,made,right,89.69165,28.77882,2016020323
5482,750703,3,2:37,1454560745928,2,1.24,0,19.43,missed,left,21.22019,36.06291,2016020323
5482,750703,4,11:11,1454561326793,2,2.92,1,3.34,made,left,4.1663,21.83586,2016020323
5482,750703,4,9:30,1454561473108,2,2.48,1,7.1,missed,left,8.79951,18.84969,2016020323
3710,57820,2,7:27,1454557560572,3,2.12,2,24.54,made,right,70.50676,8.58294,2016020323
3710,57820,2,6:51,1454557643450,2,7.09,8,9.12,missed,right,83.36572,32.36369,2016020323
4304,229726,2,10:03,1454557181183,2,5.97,6,9.44,missed,right,89.87369,34.37013,2016020323
4304,229726,2,8:02,1454557525253,2,3.16,2,20.67,missed,right,81.17276,5.76715,2016020323
4304,229726,4,11:41,1454561280234,3,1.45,0,27,missed,left,30.90886,33.41136,2016020323
4304,229726,4,9:06,1454561496787,3,7.29,3,24.85,made,left,21.75372,43.58222,2016020323
4304,229726,4,7:24,1454561825619,2,5.48,6,9.29,missed,left,13.70627,21.1587,2016020323
4304,229726,4,6:25,1454561937656,3,8.52,8,26.82,missed,left,32.0262,23.51905,2016020323
4720,509450,1,11:27,1454555585424,2,2.57,0,19.94,missed,left,20.4196,37.94078,2016020323
4720,509450,1,10:08,1454555690781,2,3.04,1,14.84,missed,left,10.42292,38.91169,2016020323
4720,509450,1,8:37,1454555804059,2,1.88,1,8.01,missed,left,11.24707,30.3029,2016020323
4720,509450,1,5:06,1454556270726,2,2.48,2,3.35,missed,left,6.48403,21.88174,2016020323
4720,509450,1,4:43,1454556294166,2,7.4,7,0.27,made,left,5.30205,25.26701,2016020323
4720,509450,1,3:52,1454556363324,2,2.8,1,0.81,made,left,6.06341,24.97092,2016020323
4720,509450,1,3:21,1454556394564,2,3.4,0,15.71,made,left,9.78937,40.04159,2016020323
4720,509450,1,2:55,1454556420202,2,1.15,0,20.76,made,left,26.00304,24.52796,2016020323
4720,509450,2,6:41,1454557652730,2,2.29,0,4.56,missed,left,5.6669,29.54421,2016020323
4720,509450,2,5:42,1454557753567,2,2.52,2,8.12,missed,left,13.36182,24.71061,2016020323
4720,509450,2,5:22,1454557773167,2,1.8,1,0.99,made,left,4.26318,25.09784,2016020323
4720,509450,2,3:07,1454558108319,2,8.12,5,21.28,missed,left,25.01657,32.87689,2016020323
4720,509450,2,1:47,1454558339872,3,1.17,0,24.69,missed,left,28.92474,31.99826,2016020323
4720,509450,2,1:23,1454558410030,2,1.08,0,20.08,made,left,25.28139,23.66251,2016020323
4720,509450,3,3:52,1454560670890,2,0.88,0,20.49,made,right,69.29132,18.57189,2016020323
4720,509450,3,3:21,1454560701449,2,1,0,20.27,made,right,81.86526,5.93008,2016020323
4720,509450,3,1:25,1454560866484,2,1.36,0,2.38,made,right,87.20737,23.19232,2016020323
4720,509450,4,5:47,1454562050853,2,3.91,1,3.54,missed,right,88.66876,21.4581,2016020323
4720,509450,4,5:28,1454562069612,2,0.04,0,1.46,made,right,87.66478,24.02624,2016020323
4720,509450,4,4:50,1454562259967,2,5.64,6,20.37,made,right,74.9417,10.02974,2016020323
4720,509450,4,3:32,1454562504761,3,1,0,25.76,missed,right,63.92466,18.11639,2016020323
4720,509450,4,1:37,1454562624158,2,2.8,2,5.99,made,right,82.77018,25.26358,2016020323
4720,509450,4,1:12,1454562941829,3,0.88,0,23.99,missed,right,68.49549,37.85602,2016020323
4720,509450,4,0:16,1454563302060,2,1.87,1,5.94,missed,right,86.84254,30.62103,2016020323
4720,509450,4,0:13,1454563304860,2,1.88,0,4.71,missed,right,88.10151,20.32995,2016020323
4136,266358,1,9:50,1454555716341,2,0.68,0,0.38,made,left,4.88205,25.08005,2016020323
4136,266358,1,9:22,1454555744781,2,5.4,2,7.62,missed,left,12.44514,27.51582,2016020323
4136,266358,1,0:42,1454556832392,2,2.89,3,7.86,missed,left,12.8463,22.96324,2016020323
4136,266358,2,9:35,1454557258821,2,1.04,0,5.19,missed,left,6.39531,30.0626,2016020323
4136,266358,2,0:45,1454558449509,2,1.21,0,3.41,made,left,8.61184,25.55534,2016020323
4136,266358,3,11:36,1454559553479,3,1.67,1,24.78,missed,right,64.32526,29.19794,2016020323
4136,266358,3,10:31,1454559641157,2,1.56,0,3.76,made,right,88.58253,28.75228,2016020323
4136,266358,3,8:29,1454560027346,2,2.36,2,5.93,missed,right,82.9988,26.44771,2016020323
4136,266358,3,7:08,1454560124344,2,2.32,1,7.29,made,right,81.57832,23.69114,2016020323
4136,266358,3,4:43,1454560469255,2,1.92,1,18.89,made,right,73.42202,13.95919,2016020323
4136,266358,3,2:51,1454560731448,2,4.12,4,19.45,missed,right,83.44975,43.70955,2016020323
4136,266358,4,11:26,1454561312473,3,1,0,24.63,missed,right,64.535,29.51689,2016020323
4136,266358,4,7:41,1454561784581,2,2.36,3,7.95,missed,right,81.4969,28.25618,2016020323
5466,699950,1,9:53,1454555713941,2,0.56,0,6.71,missed,left,11.93987,24.48449,2016020323
5466,699950,1,8:10,1454555830738,2,2.2,2,5.98,missed,left,11.22,24.63763,2016020323
5466,699950,3,11:02,1454559610318,2,0.03,0,3.41,missed,right,86.0514,27.08319,2016020323
5466,699950,3,9:23,1454559763912,2,0.64,0,7.12,made,right,81.67999,24.13116,2016020323
4296,393434,1,10:55,1454555634303,2,0.2,0,12.48,made,left,4.53832,37.45708,2016020323
4296,393434,1,7:35,1454555866016,2,4.96,3,20.48,made,left,17.18097,8.3518,2016020323
4296,393434,1,6:29,1454556148170,2,0.64,0,18.45,made,left,23.69403,25.59322,2016020323
4296,393434,1,5:39,1454556203849,3,0.92,0,24.99,missed,left,30.2209,24.01487,2016020323
4296,393434,2,3:31,1454558084838,2,0.68,0,16.4,missed,left,17.80223,14.44955,2016020323
4296,393434,2,2:18,1454558157597,3,0.84,0,23.58,made,left,9.27164,48.23338,2016020323
4296,393434,2,0:27,1454558470748,3,0.92,0,26.39,made,left,31.61829,23.92444,2016020323
4296,393434,3,11:04,1454559607997,2,0.72,0,13.29,missed,right,78.18718,16.93461,2016020323
4296,393434,3,10:34,1454559637637,3,0.84,0,23.35,missed,right,85.89178,48.17063,2016020323
4296,393434,3,8:52,1454559815672,2,1.08,1,6.26,missed,right,82.89867,27.22952,2016020323
4296,393434,4,8:42,1454561666743,3,0.64,0,24.44,missed,right,76.39437,3.90786,2016020323
4296,393434,4,2:29,1454562566800,2,0.56,0,4.95,made,right,85.21261,21.54412,2016020323
4296,393434,4,1:25,1454562830433,3,0.68,0,22.53,made,right,89.5692,2.48162,2016020323
4296,393434,4,0:04,1454563746288,3,0.55,0,22.98,missed,right,90.09634,47.94439,2016020323
4149,262882,1,9:05,1454555768820,2,9.74,13,1.41,made,left,4.16787,24.09736,2016020323
4149,262882,1,8:41,1454555800299,2,8.08,12,6.14,missed,left,6.25112,31.05488,2016020323
4149,262882,2,2:42,1454558133317,2,0.44,0,1.59,missed,left,4.90264,23.45349,2016020323
4149,262882,3,7:12,1454560120065,3,1.04,0,23.9,missed,right,66.28594,16.83572,2016020323
4149,262882,3,4:21,1454560641931,2,2.68,2,4.85,missed,right,86.6454,29.37401,2016020323
4149,262882,3,0:26,1454561066679,2,6.02,6,19.63,made,right,70.25818,18.4003,2016020323
4149,262882,4,6:37,1454561925576,2,4.64,3,4.89,missed,right,84.8835,27.99285,2016020323
4149,262882,4,5:29,1454562068492,2,1.87,2,2,missed,right,87.79452,26.7622,2016020323
4149,262882,4,3:05,1454562531001,2,4.72,6,3.54,made,right,85.57522,23.43776,2016020323
4626,295432,1,2:28,1454556617797,2,1.2,1,8.89,made,left,13.88734,22.88793,2016020323
4626,295432,1,1:24,1454556736793,2,1.52,0,16.64,made,left,7.38353,41.503,2016020323
4626,295432,2,11:43,1454557080826,3,4.24,4,25.53,missed,left,27.24726,12.05112,2016020323
4626,295432,2,10:56,1454557127584,2,2.84,1,2.62,made,left,7.78086,25.6869,2016020323
4626,295432,2,10:24,1454557160023,2,4.6,4,2.91,made,left,4.874,22.11766,2016020323
4626,295432,2,8:19,1454557353738,2,1.56,1,2.58,made,left,7.40034,23.5764,2016020323
4626,295432,2,6:12,1454557681808,2,9.53,8,6.68,made,left,7.12579,31.41324,2016020323
4626,295432,2,4:00,1454558055199,3,1.47,0,26.75,missed,left,30.60213,33.54505,2016020323
4626,295432,4,10:57,1454561340712,2,6.08,7,17.71,made,right,74.46326,35.47222,2016020323
4626,295432,4,2:08,1454562587799,2,0.72,0,2.18,made,right,86.75061,24.1421,2016020323
4626,295432,4,0:47,1454562975269,2,0.64,0,2.81,missed,right,88.52266,27.80073,2016020323
4628,503779,1,0:10,1454556881431,2,4.28,1,8.81,made,left,13.25504,21.32219,2016020323
4628,503779,2,9:55,1454557188502,3,4.92,4,27.05,missed,left,24.20905,5.70056,2016020323
4628,503779,2,7:45,1454557542172,3,0.75,0,26.01,made,left,31.25026,25.8577,2016020323
4628,503779,2,4:48,1454557808046,2,0.6,0,7.85,made,left,4.0922,32.7637,2016020323
4628,503779,3,1:54,1454560837886,2,0.8,0,25.65,missed,right,64.38133,16.98953,2016020323
4628,503779,3,0:51,1454561026681,2,0.96,0,3.54,missed,right,86.03007,22.73197,2016020323
4628,503779,4,10:19,1454561424310,3,2.44,2,25.2,made,right,69.47535,8.7735,2016020323
5158,604898,1,1:07,1454556754554,3,0.72,0,24.43,missed,left,27.94159,15.95312,2016020323
5158,604898,2,9:06,1454557307059,3,0.72,0,23.08,made,left,4.27777,48.05863,2016020323
5158,604898,2,8:34,1454557338899,2,1.44,1,1.29,made,left,3.98642,25.26811,2016020323
5158,604898,4,9:47,1454561456108,2,2.36,2,9.02,missed,right,85.55547,33.43674,2016020323
4485,398066,1,1:58,1454556685356,2,2.81,2,6.41,missed,left,11.5753,26.04749,2016020323
5007,603096,1,11:26,1454809330507,2,4.12,1,15.4,missed,right,76.22766,16.03311,2016020605
5007,603096,1,10:55,1454809361347,2,1.72,1,8.87,made,right,87.51401,16.218139999999998,2016020605
5007,603096,1,10:19,1454809415906,2,0.36,1,11.91,made,right,89.41534,36.8929,2016020605
5007,603096,1,8:24,1454809558424,2,4.99,1,5.85,missed,right,91.17646,30.32619,2016020605
5007,603096,1,8:22,1454809560265,2,0.68,0,4.78,made,right,84.21341,23.50445,2016020605
5007,603096,1,4:24,1454810108857,2,1.8,1,19.43,missed,right,69.51834,27.80281,2016020605
5007,603096,1,0:41,1454810666008,2,2.08,2,7.53,made,right,88.03557,32.49829,2016020605
5007,603096,2,4:05,1454811957790,2,0.04,0,2.25,made,right,87.82933,27.05594,2016020605
5007,603096,2,2:38,1454812212225,2,3,2,6.48,missed,right,91.67923,19.21631,2016020605
5007,603096,2,1:05,1454812355784,2,1.24,1,3.06,made,right,87.07453,22.44126,2016020605
5007,603096,3,8:56,1454813580526,2,3.76,3,5.02,missed,left,6.96893,29.7197,2016020605
5007,603096,3,8:02,1454813634765,2,0.92,0,4.36,made,left,7.6912,21.3853,2016020605
5007,603096,3,7:22,1454813691523,2,1.64,1,10.38,made,left,4.667,35.36007,2016020605
5007,603096,3,6:08,1454813963839,2,1.65,2,5.88,missed,left,11.04207,25.99997,2016020605
5007,603096,3,5:32,1454813999478,2,3.81,3,17.7,missed,left,5.78105,42.68732,2016020605
5007,603096,3,2:29,1454814368914,2,0.16,0,1.43,made,left,5.77168,23.66651,2016020605
5007,603096,4,7:11,1454815580775,2,0.68,0,3.03,made,left,4.5305,27.94247,2016020605
5007,603096,4,5:14,1454815906930,2,0.96,0,16.56,made,left,21.78607,24.16915,2016020605
5007,603096,4,1:31,1454816486002,2,1.12,1,5.14,missed,left,10.04058,26.85599,2016020605
5007,603096,4,0:20,1454816691958,2,0.88,0,4.85,missed,left,6.22948,29.74905,2016020605
4638,295799,1,7:27,1454809645783,2,6.32,3,20.28,missed,right,68.47479,24.94306,2016020605
4638,295799,2,0:23,1454812397983,3,0.88,0,18,missed,right,84.09562,42.38504,2016020605
4638,295799,3,1:33,1454814476272,3,1.64,0,23.64,made,left,21.53889,42.13778,2016020605
4638,295799,3,0:39,1454814530111,3,0.96,0,21.12,missed,left,4.79855,46.11356,2016020605
4638,295799,4,4:22,1454815959210,3,0.8,0,21.63,made,left,6.45931,46.60085,2016020605
4638,295799,4,3:04,1454816036648,3,1,0,22.53,missed,left,7.63962,2.59532,2016020605
4499,456453,1,6:57,1454809697781,2,1.03,1,1.62,made,right,89.44819,23.54203,2016020605
4499,456453,2,5:06,1454811849431,2,0.36,0,1.19,missed,right,88.82092,26.18957,2016020605
4499,456453,2,1:58,1454812286104,2,0.56,0,1.34,made,right,89.36844,26.19023,2016020605
4499,456453,3,4:43,1454814066797,2,2.8,1,8.78,made,left,13.82515,23.11927,2016020605
4910,410831,1,10:23,1454809393906,2,2.36,1,9.47,missed,right,82.73474,32.30886,2016020605
4910,410831,1,9:41,1454809458146,2,2.44,2,18.37,missed,right,71.09341,19.93031,2016020605
4910,410831,1,6:29,1454809725382,2,7.92,7,20.24,made,right,72.16764,36.59871,2016020605
4910,410831,2,6:13,1454811616674,2,8.26,12,10.39,made,right,83.13419,33.73964,2016020605
4910,410831,2,5:49,1454811640834,2,10.28,13,5.72,made,right,84.97623,20.70372,2016020605
4910,410831,2,5:08,1454811847190,2,4.32,5,19.11,missed,right,85.01499,43.74022,2016020605
4910,410831,2,4:07,1454811955710,2,6.96,8,19.92,missed,right,75.11766,10.47575,2016020605
4910,410831,2,3:33,1454812005469,2,4.28,5,3.69,made,right,85.70295,22.92638,2016020605
4910,410831,2,0:32,1454812388623,2,6.8,8,19.1,missed,right,88.37647,44.1012,2016020605
4910,410831,3,11:34,1454813422128,3,0.68,0,27.74,made,left,31.39357,34.26841,2016020605
4910,410831,3,11:07,1454813449687,2,7.16,8,21.94,made,left,23.66737,36.9157,2016020605
4910,410831,3,10:31,1454813485766,2,7.32,8,5.19,made,left,10.35729,25.924,2016020605
4910,410831,3,9:57,1454813519006,2,3.77,2,18.43,made,left,21.62379,33.45656,2016020605
4910,410831,3,9:15,1454813561565,3,7.56,7,25.91,made,left,28.93044,35.52614,2016020605
4910,410831,3,3:52,1454814118676,2,2.8,3,21.35,made,left,25.78504,30.83368,2016020605
4910,410831,3,3:26,1454814144397,2,8.96,11,10.64,missed,left,11.70835,16.54111,2016020605
4910,410831,3,3:05,1454814165436,3,1.32,0,22.86,missed,left,5.0646,47.86412,2016020605
4910,410831,4,6:15,1454815687013,2,7.92,9,18.57,missed,left,20.00152,36.28453,2016020605
4910,410831,4,3:24,1454816016888,3,1.96,1,25.42,missed,left,30.39075,28.79085,2016020605
5540,549961,1,8:58,1454809524224,3,0.72,0,26.15,missed,right,63.31102,31.06943,2016020605
5540,549961,2,3:10,1454812028788,3,2.6,2,23.58,missed,right,71.81086,8.59198,2016020605
4622,457576,1,5:40,1454809968858,2,7.95,12,7.62,missed,right,82.4507,20.7067,2016020605
4622,457576,1,5:11,1454810039977,2,1.56,1,2.2,made,right,86.88534,26.17315,2016020605
4622,457576,1,0:21,1454810696728,3,2.04,2,25.36,made,right,64.9691,16.17976,2016020605
4622,457576,2,11:53,1454810911524,2,7.15,10,12.9,missed,right,82.1532,13.91759,2016020605
4622,457576,2,11:49,1454810915124,2,1.52,0,2.38,missed,right,89.61327,27.21824,2016020605
4622,457576,2,10:35,1454811065603,2,14.04,15,13.8,made,right,90.09779,38.72956,2016020605
4622,457576,2,10:09,1454811102522,3,3.44,2,25.1,missed,right,65.27933,33.88606,2016020605
4622,457576,2,9:18,1454811186601,2,5.25,6,4.48,made,right,86.02567,28.55504,2016020605
4622,457576,3,4:47,1454814063318,2,11.32,12,2.13,missed,left,6.86058,23.60056,2016020605
4622,457576,3,4:12,1454814098437,3,2.24,0,24.51,missed,left,26.79429,36.69597,2016020605
4622,457576,3,2:30,1454814368034,2,6.68,8,9.3,missed,left,13.85071,21.47114,2016020605
4622,457576,4,10:44,1454814973464,3,2.28,1,23.99,missed,left,14.75718,2.97198,2016020605
4622,457576,4,10:18,1454815025423,2,6.88,8,6.6,missed,left,9.77095,20.19725,2016020605
4622,457576,4,10:07,1454815062902,2,2.93,3,18.16,made,left,22.96234,29.00181,2016020605
4622,457576,4,9:42,1454815115862,2,1.91,3,3.04,missed,left,5.36541,28.03647,2016020605
4622,457576,4,8:55,1454815191861,2,4.41,5,7.58,missed,left,12.79357,25.75996,2016020605
4622,457576,4,5:53,1454815708653,2,8.56,7,5.25,missed,left,5.42222,30.25095,2016020605
4622,457576,4,2:28,1454816270085,2,9.87,16,15.98,missed,left,18.49701,16.0548,2016020605
4483,329715,1,2:19,1454810536529,2,3.88,2,17.75,missed,right,90.30024,7.31762,2016020605
4483,329715,1,1:22,1454810593410,2,6.04,5,4.42,made,right,84.36761,24.41017,2016020605
4483,329715,2,11:28,1454810935924,3,2.92,0,24.69,missed,right,73.00017,44.0135,2016020605
4483,329715,2,9:46,1454811125761,2,0.96,0,18.28,made,right,74.61507,13.41184,2016020605
4483,329715,2,8:17,1454811247680,3,0.76,0,25.5,missed,right,65.73418,35.98656,2016020605
4483,329715,2,7:39,1454811285159,3,0.77,0,25.9,missed,right,76.13523,47.621,2016020605
4483,329715,2,6:53,1454811512315,2,5.48,2,21.2,missed,right,67.54866,24.62593,2016020605
4483,329715,4,11:17,1454814941064,3,1.12,0,25.53,missed,left,20.51817,4.53565,2016020605
4483,329715,4,9:14,1454815160422,2,1,0,2.66,missed,left,4.51744,27.55448,2016020605
4483,329715,4,4:30,1454815950930,3,0.8,0,22.7,missed,left,14.27321,45.82574,2016020605
4483,329715,4,0:48,1454816644359,2,5.76,7,15.36,missed,left,8.10442,9.90419,2016020605
4686,296605,1,3:06,1454810252853,3,0.92,0,23.93,missed,right,84.89653,48.61534,2016020605
4686,296605,2,8:44,1454811219999,2,0.92,0,15.6,made,right,81.76923,11.04631,2016020605
4686,296605,2,7:34,1454811289878,2,2.55,2,5.71,missed,right,90.33925,30.48121,2016020605
4686,296605,2,6:32,1454811543395,3,0.84,0,22.41,missed,right,88.69797,2.58719,2016020605
4634,262894,1,1:47,1454810569209,2,2.48,3,12.74,missed,right,78.29072,32.27673,2016020605
4634,262894,2,7:56,1454811267919,3,3.36,3,25.31,missed,right,63.45189,24.27886,2016020605
4634,262894,4,9:46,1454815084343,2,3.52,4,4.2,missed,left,9.40685,24.3804,2016020605
3704,214152,1,10:38,1454809378626,2,5.04,2,1.57,made,left,6.81363,25.18592,2016020605
3704,214152,1,8:40,1454809542745,2,9.75,4,3.01,made,left,5.76257,22.03189,2016020605
3704,214152,1,4:10,1454810122936,2,11.24,13,5.64,missed,left,8.52497,20.40325,2016020605
3704,214152,1,3:50,1454810174015,2,1.96,0,19.47,missed,left,24.71931,25.17939,2016020605
3704,214152,1,3:20,1454810239054,2,8.52,5,4.05,made,left,6.19052,28.9363,2016020605
3704,214152,1,0:03,1454810718407,2,16.62,17,8.2,made,left,13.43398,25.56256,2016020605
3704,214152,2,4:21,1454811941149,2,13.8,14,5.79,missed,left,5.35134,30.78876,2016020605
3704,214152,2,1:36,1454812307623,2,4.68,2,14.61,missed,left,13.70139,13.08794,2016020605
3704,214152,2,0:43,1454812377303,2,17.16,18,4.06,missed,left,6.89586,28.70654,2016020605
3704,214152,3,10:42,1454813474686,3,1.32,0,25.45,made,right,63.92235,19.38792,2016020605
3704,214152,3,10:13,1454813503006,2,10.6,12,9.05,made,right,80.26682,28.14639,2016020605
3704,214152,3,8:37,1454813599085,3,5.72,6,24.55,missed,right,65.40806,32.59207,2016020605
3704,214152,3,7:01,1454813712683,3,0.92,0,24.78,missed,right,78.90157,2.26478,2016020605
3704,214152,3,6:27,1454813778723,2,0.76,0,3.11,made,right,86.61688,27.25824,2016020605
3704,214152,3,4:03,1454814107037,3,5.56,7,24.18,made,right,64.56984,25.4338,2016020605
3704,214152,3,3:38,1454814132516,3,8.84,11,25,missed,right,74.18666,4.67814,2016020605
3704,214152,3,2:45,1454814352674,2,7,4,13.81,missed,right,87.89214,11.21449,2016020605
3704,214152,4,7:26,1454815565735,2,7.12,3,13.24,made,right,88.15664,11.76841,2016020605
3704,214152,4,6:26,1454815675734,2,7.44,6,11.7,made,right,89.9756,13.36912,2016020605
3704,214152,4,1:39,1454816326364,2,13.6,14,3.63,made,right,86.71832,28.0105,2016020605
4884,552806,2,3:50,1454811972148,2,0.76,0,5.2,missed,left,9.57949,22.12276,2016020605
4884,552806,2,2:30,1454812220025,2,1.64,1,2.44,missed,left,4.92152,22.58457,2016020605
4884,552806,2,2:25,1454812245745,2,0.04,0,3.98,missed,left,7.93681,22.06012,2016020605
4884,552806,2,0:42,1454812378423,2,0.12,0,2.21,missed,left,7.16101,23.89843,2016020605
4794,552679,1,11:45,1454809311667,2,0.8,0,6.52,missed,left,10.89686,21.73574,2016020605
4794,552679,1,11:11,1454809345027,2,0.84,0,19.35,missed,left,5.92734,5.66024,2016020605
4794,552679,2,10:52,1454811048962,2,0.64,0,5.95,made,left,10.51558,22.22307,2016020605
4794,552679,2,4:51,1454811864390,2,0.04,0,10.59,made,left,12.52684,17.30534,2016020605
4794,552679,3,4:24,1454814086075,2,0.72,0,5.7,made,right,85.4222,20.37491,2016020605
4840,551768,1,9:29,1454809470424,2,4.36,4,3.14,missed,left,6.72165,22.2302,2016020605
4840,551768,1,7:13,1454809681583,2,11.76,14,18.52,made,left,19.40154,36.94078,2016020605
4840,551768,1,6:15,1454809740021,3,2.56,2,23.98,made,left,26.15387,36.7515,2016020605
4840,551768,2,9:01,1454811203080,2,12.44,11,8.47,made,left,8.7662,32.70491,2016020605
4840,551768,2,6:43,1454811521876,3,1.96,0,26.89,made,left,32.04808,22.7727,2016020605
4840,551768,2,6:02,1454811627434,2,8.8,8,9.06,made,left,6.17494,15.98881,2016020605
4840,551768,2,5:37,1454811652193,3,0.92,0,24.85,missed,left,28.50943,16.25411,2016020605
4840,551768,2,3:23,1454812015668,3,2.88,0,22.23,made,left,4.17511,2.79975,2016020605
4840,551768,2,2:15,1454812255505,2,4.29,3,22.36,made,left,27.31205,21.35441,2016020605
4840,551768,2,1:17,1454812343943,3,7.32,2,26.79,missed,left,26.11578,8.20394,2016020605
4840,551768,2,0:01,1454812441662,2,1.36,1,23.64,missed,left,14.4941,3.24322,2016020605
4840,551768,3,11:16,1454813440246,2,3.72,3,3,made,right,87.63847,22.21582,2016020605
4840,551768,3,10:46,1454813470287,3,0.92,0,21.99,missed,right,90.85093,46.89437,2016020605
4840,551768,3,6:49,1454813741043,2,0.64,1,23.81,missed,right,70.97509,40.8345,2016020605
4840,551768,3,5:14,1454814018159,2,7.81,3,16.46,missed,right,86.21107,8.73215,2016020605
4840,551768,4,11:02,1454814956264,2,5.24,4,12.65,made,right,76.27006,27.08614,2016020605
4840,551768,4,10:28,1454815014984,3,2.68,3,24.05,missed,right,65.14587,20.37793,2016020605
4840,551768,4,6:06,1454815695974,2,6.28,6,5.04,made,right,84.82686,21.83153,2016020605
4840,551768,4,5:34,1454815727452,2,8.44,8,17.86,made,right,79.7766,40.44449,2016020605
4840,551768,4,4:45,1454815935529,3,0.84,0,22.29,missed,right,83.31357,46.61794,2016020605
4840,551768,4,4:00,1454815981329,3,0.72,0,25.11,missed,right,70.5172,7.73269,2016020605
3835,253997,1,9:20,1454809502504,3,0.8,0,25.27,made,left,30.2306,21.17719,2016020605
3835,253997,1,8:05,1454809577183,3,1.24,1,25.14,made,left,30.28081,27.33023,2016020605
3835,253997,1,4:36,1454810096456,3,0.92,0,28.06,made,left,31.39601,14.82149,2016020605
3835,253997,1,3:34,1454810204694,3,0.84,0,27.42,missed,left,27.01302,41.67201,2016020605
3835,253997,1,2:43,1454810275813,2,1.08,0,18.21,missed,left,6.59948,6.84339,2016020605
3835,253997,2,5:16,1454811839151,3,NA,0,25.4,missed,left,16.76537,47.64103,2016020605
3835,253997,2,3:02,1454812037388,3,0.68,0,24.53,made,left,14.24097,2.18151,2016020605
3835,253997,2,2:27,1454812244425,3,1.07,0,22.95,missed,left,5.91701,47.94041,2016020605
3835,253997,3,9:37,1454813538926,3,0.88,0,24.37,missed,right,79.30823,47.46202,2016020605
3835,253997,3,8:23,1454813613204,3,0.72,0,25.57,made,right,73.97713,4.12634,2016020605
3835,253997,3,7:34,1454813662724,3,0.72,0,43.67,missed,right,51.01686,46.98207,2016020605
3835,253997,3,5:48,1454813984000,3,0.72,0,27.54,missed,right,66.61745,41.38928,2016020605
3835,253997,3,5:03,1454814047557,3,1.24,1,25.08,missed,right,65.58428,34.61487,2016020605
3835,253997,3,3:16,1454814153796,3,0.84,0,25.34,missed,right,63.48885,27.02756,2016020605
3835,253997,4,8:15,1454815400299,3,0.76,0,24.98,missed,right,72.59206,5.95171,2016020605
3835,253997,4,6:57,1454815594736,2,0.76,0,2.41,made,right,86.67152,26.21431,2016020605
3835,253997,4,3:38,1454816002849,3,1.24,0,23.11,made,right,90.66242,48.02676,2016020605
3835,253997,4,3:14,1454816027288,3,1,0,25.9,missed,right,73.16311,4.31766,2016020605
3847,254009,1,6:40,1454809714622,2,2.88,3,8.53,made,left,12.00068,19.78719,2016020605
3847,254009,1,5:21,1454810016897,2,1.04,0,14.22,missed,left,19.40703,23.70569,2016020605
3847,254009,1,4:48,1454810063296,2,2.28,2,5.15,missed,left,7.98956,20.63556,2016020605
3847,254009,3,0:01,1454814627229,2,1.04,0,20.37,missed,right,68.5401,27.52949,2016020605
4898,457186,1,0:59,1454810616729,2,2.64,2,4.3,made,left,7.64832,21.43179,2016020605
4898,457186,1,0:34,1454810683768,3,0.92,0,23.89,missed,left,27.9508,17.55993,2016020605
4898,457186,2,11:01,1454811007962,3,4.72,7,24.51,missed,left,29.36651,20.65057,2016020605
4898,457186,3,2:14,1454814384393,3,1.24,0,24,made,right,71.91206,7.8956,2016020605
4898,457186,3,0:54,1454814514751,3,0.8,0,25.76,missed,right,66.11866,37.29827,2016020605
4898,457186,3,0:17,1454814551910,3,0.84,0,22.86,missed,right,85.70688,47.65542,2016020605
4898,457186,4,2:08,1454816297404,3,0.76,0,22.55,missed,right,89.9801,2.48672,2016020605
3750,65834,1,3:46,1454810192495,2,0.56,0,18.2,missed,left,7.65452,6.96239,2016020605
3750,65834,1,2:06,1454810549569,2,1.84,1,18.67,made,left,13.62926,8.3211,2016020605
3750,65834,2,9:58,1454811113321,2,8.04,11,21.59,made,left,18.07183,42.37367,2016020605
3750,65834,2,9:30,1454811151401,2,2.39,3,19.84,missed,left,22.08527,14.51085,2016020605
3750,65834,2,8:33,1454811231759,3,0.92,0,24.89,made,left,20.89547,44.35257,2016020605
3750,65834,2,7:10,1454811476795,2,5.76,5,21.03,missed,left,24.777,17.1946,2016020605
3750,65834,3,1:07,1454814502391,3,2.88,3,24.6,missed,right,64.90098,31.04203,2016020605
3523,3504,2,11:41,1454810923244,3,1.12,0,24.36,missed,left,21.58103,43.07767,2016020605
3523,3504,2,8:06,1454811258440,2,2.04,1,18.84,missed,left,22.65292,17.79282,2016020605
3523,3504,4,9:25,1454815149741,3,0.96,0,22.73,missed,right,90.00162,2.3021,2016020605
3523,3504,4,8:38,1454815363939,3,0.88,0,22.72,made,right,86.86927,47.64147,2016020605
3860,229738,1,9:53,1455162134351,3,0.8,0,24.38,missed,right,74.05444,44.45541,2016021022
3860,229738,1,7:14,1455162457621,3,0.84,0,24.25,missed,right,73.55162,6.10211,2016021022
3860,229738,3,11:29,1455166936809,3,0.95,0,23.95,made,left,22.68684,41.4135,2016021022
3860,229738,3,11:02,1455166980007,2,1.96,2,5.53,missed,left,6.96626,30.25657,2016021022
3860,229738,3,9:33,1455167170962,3,0.92,0,22.73,missed,left,7.0574,47.66013,2016021022
3860,229738,4,8:58,1455169670048,3,0.92,0,24.06,missed,left,25.76611,37.57001,2016021022
3860,229738,4,5:10,1455170286710,2,2.48,1,20.53,missed,left,17.04016,8.18922,2016021022
3860,229738,4,2:28,1455170510343,3,2.24,1,24.18,made,left,27.66977,15.94849,2016021022
4285,263217,1,1:00,1455163447271,3,0.72,0,24.42,missed,right,74.05544,5.49575,2016021022
4285,263217,1,0:00,1455163573028,3,0.64,0,22.73,made,right,88.04606,47.71949,2016021022
4285,263217,2,8:27,1455164107693,3,0.76,0,22.48,missed,right,89.22438,47.47121,2016021022
4285,263217,2,1:01,1455165656207,2,2.56,3,4.02,missed,right,86.11041,21.97328,2016021022
4285,263217,3,7:39,1455167652788,3,0.76,0,22.83,made,left,5.44647,47.83323,2016021022
4285,263217,3,5:46,1455167889700,2,1.96,1,3.12,made,left,8.01589,26.44127,2016021022
3818,253975,1,11:09,1455162057993,2,1.32,0,6.78,made,right,82.29971,22.90441,2016021022
3818,253975,1,10:41,1455162086912,2,0.6,0,1.8,made,right,87.68692,23.54677,2016021022
3818,253975,1,9:29,1455162169029,2,0.92,0,6.18,made,right,82.88877,26.96165,2016021022
3818,253975,1,8:16,1455162289386,2,6.81,8,7.37,made,right,86.84662,32.12128,2016021022
3818,253975,1,6:43,1455162511019,2,0.28,0,0.82,made,right,88.02553,24.60973,2016021022
3818,253975,2,10:30,1455163931978,2,4.64,3,4.52,made,right,87.69284,20.60902,2016021022
3818,253975,2,9:36,1455163996456,2,0.56,0,1.29,made,right,88.20648,26.17097,2016021022
3818,253975,2,7:34,1455164397044,2,1.44,1,7.49,made,right,87.76678,32.42792,2016021022
3818,253975,2,3:15,1455165100584,2,5.64,4,4.95,missed,right,83.80912,25.29379,2016021022
3818,253975,3,8:46,1455167441315,2,1.16,0,1.89,made,left,6.68909,26.22763,2016021022
3818,253975,3,8:02,1455167508272,2,0.04,0,2.04,made,left,5.29947,22.96268,2016021022
3818,253975,3,3:46,1455168142654,2,4.6,3,9.94,missed,left,5.56793,15.06113,2016021022
3818,253975,3,3:18,1455168170772,2,0.04,0,2.33,made,left,4.67278,27.26162,2016021022
3818,253975,4,6:34,1455169964039,2,1.72,0,5.44,made,left,6.73501,19.76162,2016021022
3818,253975,4,5:46,1455170193633,2,0.04,0,0.83,missed,left,5.5717,25.76016,2016021022
3818,253975,4,3:29,1455170449345,2,0.72,0,6.54,missed,left,7.33468,31.20331,2016021022
3818,253975,4,1:53,1455170731096,2,0.04,0,1.45,made,left,4.07544,25.84578,2016021022
4563,395388,1,9:01,1455162244786,3,0.96,0,23.9,made,right,70.47932,40.41056,2016021022
4563,395388,1,6:16,1455162538539,2,3.12,3,2.27,made,right,87.61916,23.02698,2016021022
4563,395388,1,5:35,1455162754252,2,4.68,1,17.9,made,right,87.3863,7.15013,2016021022
4563,395388,1,4:29,1455162847969,2,10.08,13,9.14,missed,right,80.63739,20.79113,2016021022
4563,395388,1,3:30,1455163102241,3,5.52,6,24.84,made,right,66.16141,14.66373,2016021022
4563,395388,1,0:50,1455163456792,3,7.2,3,25.45,missed,right,75.04035,3.56041,2016021022
4563,395388,2,4:41,1455164990466,2,5.45,0,17.41,missed,right,71.43983,23.12792,2016021022
4563,395388,2,3:42,1455165073824,3,8.09,8,25.86,missed,right,62.92279,23.67517,2016021022
4563,395388,3,8:04,1455167506352,2,3.56,2,15.33,missed,left,5.89752,40.31466,2016021022
4563,395388,3,7:02,1455167712506,2,2.52,0,16.05,made,left,21.17612,27.02669,2016021022
4563,395388,3,6:28,1455167746105,2,6.68,8,8.86,made,left,12.60584,29.93378,2016021022
4563,395388,3,5:14,1455167921340,2,8.4,9,1.6,missed,left,5.91567,23.54426,2016021022
4563,395388,3,2:50,1455168199252,2,5.77,5,4.8,made,left,8.83116,28.19895,2016021022
4563,395388,3,0:49,1455168680037,2,4.16,6,16.43,made,left,21.5986,26.62474,2016021022
4563,395388,3,0:34,1455168755715,3,5,5,24.95,missed,left,30.19806,24.52546,2016021022
4563,395388,4,11:13,1455169159423,2,NA,0,1.05,missed,left,5.00814,26.02488,2016021022
4563,395388,4,5:44,1455170207192,3,NA,0,17.01,missed,left,21.77222,20.93732,2016021022
4563,395388,4,4:51,1455170367187,2,10.12,6,17.21,made,left,22.45682,25.27949,2016021022
4563,395388,4,3:00,1455170478904,3,1,0,25.88,made,left,25.00366,41.71749,2016021022
4563,395388,4,1:32,1455170760455,3,2.28,1,25.87,missed,left,22.37283,5.60262,2016021022
4647,332691,1,10:19,1455162108471,3,2.68,2,24.97,missed,right,69.2849,9.36716,2016021022
4647,332691,1,6:45,1455162509379,2,2.2,2,3.38,missed,right,85.56313,26.13613,2016021022
4647,332691,2,6:00,1455164545640,2,4.16,5,4.23,made,right,84.70663,26.25318,2016021022
4647,332691,2,1:22,1455165583769,3,9.12,7,22.42,missed,right,87.99575,47.40319,2016021022
4647,332691,2,0:45,1455165708485,2,1.28,0,1.4,made,right,87.34955,25.00686,2016021022
4647,332691,4,7:03,1455169935480,3,0.88,0,23.25,missed,left,7.54245,48.13211,2016021022
4647,332691,4,0:23,1455170898051,3,1.76,1,23.29,made,left,3.58751,48.23346,2016021022
3333,3315,3,4:28,1455168101054,2,2.09,2,9.66,missed,left,14.45985,27.91205,2016021022
3333,3315,3,4:17,1455168111815,3,1,0,23.09,missed,left,9.13598,47.76142,2016021022
3333,3315,3,2:27,1455168398205,2,1.76,2,7.65,made,left,12.30297,27.96542,2016021022
3333,3315,4,11:44,1455169128104,3,0.84,0,22.45,made,left,3.69472,2.59928,2016021022
3333,3315,4,9:30,1455169385217,3,2.36,2,24.58,made,left,20.02858,44.64554,2016021022
3333,3315,4,5:48,1455170190952,3,0.92,0,23.75,missed,left,19.92992,6.33277,2016021022
3333,3315,4,4:09,1455170409266,3,1.08,0,22.28,missed,left,4.45363,47.26678,2016021022
3333,3315,4,0:58,1455170794814,2,3.6,4,10.32,missed,left,15.21107,22.28691,2016021022
5336,830647,4,9:35,1455169355417,2,0.4,0,0.99,missed,left,5.12938,24.01928,2016021022
4648,398590,2,7:02,1455164429563,2,2.72,2,1.68,made,right,87.13248,25.44683,2016021022
4648,398590,2,6:17,1455164474282,3,1.32,0,24.51,missed,right,67.91083,12.09254,2016021022
4648,398590,2,5:40,1455164566558,3,0.8,0,22.76,missed,right,86.03144,47.60055,2016021022
4648,398590,3,1:55,1455168527482,3,0.84,0,24.61,made,left,24.0259,40.91208,2016021022
4648,398590,4,10:48,1455169233981,3,0.72,0,24.41,missed,left,19.79547,44.60437,2016021022
4648,398590,4,9:59,1455169332098,2,7.8,9,16.55,missed,left,21.23458,20.70436,2016021022
3834,253996,1,3:55,1455163077842,3,0.88,0,24.61,missed,right,64.34541,21.7927,2016021022
3834,253996,1,2:00,1455163341115,3,0.84,0,25.05,missed,right,63.70191,25.51884,2016021022
3834,253996,1,1:22,1455163425033,3,1.24,0,24.52,missed,right,70.23775,41.07692,2016021022
5492,698651,3,0:05,1455168847153,2,1.25,0,1.84,made,left,6.50339,23.6509,2016021022
5021,609843,1,8:40,1455162265147,2,0.04,0,1.67,made,left,6.0288,26.47311,2016021022
5021,609843,2,2:57,1455165163501,3,0.92,0,23.27,made,left,9.19523,2.06461,2016021022
5021,609843,2,2:40,1455165371095,2,0.68,0,3.05,made,left,4.06647,22.18636,2016021022
5021,609843,2,2:00,1455165546090,2,0.92,0,12.02,missed,left,4.59023,37.00462,2016021022
5021,609843,3,10:48,1455166993688,2,2.44,2,6.65,made,right,83.86905,20.4793,2016021022
5021,609843,3,10:28,1455167032007,2,NA,0,2.8,missed,right,86.12336,24.0402,2016021022
5021,609843,3,7:55,1455167637109,2,3.24,0,9.43,made,right,79.36926,25.98974,2016021022
5021,609843,3,5:53,1455167882661,2,0.8,0,3.33,made,right,85.55985,24.02851,2016021022
5021,609843,3,4:53,1455168002018,2,0.68,0,2.57,made,right,89.63054,27.41115,2016021022
5021,609843,3,3:28,1455168160333,3,0.92,0,24.5,missed,right,79.67423,47.75402,2016021022
5021,609843,4,3:49,1455170429305,2,1.16,0,2.41,made,right,90.61264,23.46916,2016021022
4723,457688,1,11:28,1455162039794,2,1.32,1,15.75,made,left,20.73961,22.15605,2016021022
4723,457688,1,8:43,1455162262786,3,1.12,0,24.74,missed,left,25.34736,39.42494,2016021022
4723,457688,1,7:42,1455162378863,2,0.96,0,5.2,made,left,4.46843,30.14536,2016021022
4723,457688,2,8:00,1455164350685,3,0.36,0,26.91,missed,left,25.73496,42.44364,2016021022
4723,457688,2,1:50,1455165555570,2,2,2,9.97,missed,left,13.19002,18.96584,2016021022
4723,457688,2,1:47,1455165558530,2,0.08,0,3.51,missed,left,5.00874,28.5041,2016021022
4723,457688,2,1:35,1455165571250,2,0.88,0,2.52,made,left,6.86914,26.92818,2016021022
4723,457688,3,11:44,1455166922289,2,2.08,1,17.12,missed,right,76.55186,12.99415,2016021022
4723,457688,3,7:17,1455167697066,3,0.96,0,22.91,made,right,89.1827,2.09633,2016021022
5192,510790,1,5:58,1455162731252,2,0.8,0,1.62,missed,left,3.80671,24.27377,2016021022
5192,510790,1,5:56,1455162732773,2,1.32,0,3.09,made,left,5.36816,28.09208,2016021022
5192,510790,3,11:42,1455166924169,2,0.04,0,2.57,made,right,88.1404,27.49459,2016021022
5192,510790,3,8:30,1455167456993,2,4.36,3,15.39,made,right,73.68689,28.13454,2016021022
5012,463121,1,10:52,1455162075272,2,13.48,17,16.82,missed,left,19.93402,16.78941,2016021022
5012,463121,1,5:12,1455162776652,3,0.76,0,25.1,made,left,29.39851,18.16516,2016021022
5012,463121,1,4:07,1455162887288,2,NA,0,25.74,made,left,23.76567,7.11301,2016021022
5012,463121,1,3:44,1455163088083,3,0.68,0,26.78,missed,left,29.80519,35.69795,2016021022
5012,463121,1,2:43,1455163260917,2,2.72,0,11.08,made,left,12.28952,16.44382,2016021022
5012,463121,1,1:12,1455163435632,2,8.04,8,11,missed,left,9.15117,35.28584,2016021022
5012,463121,1,0:34,1455163479991,3,12.87,14,25.07,missed,left,28.46876,34.45921,2016021022
5012,463121,1,0:26,1455163503709,2,1.8,1,0.71,made,left,5.93863,24.82637,2016021022
5012,463121,2,4:26,1455165005025,2,3.44,2,23.29,missed,left,3.68125,1.76735,2016021022
5012,463121,2,4:20,1455165010906,2,1.28,0,1.62,missed,left,5.96091,23.54774,2016021022
5012,463121,2,3:54,1455165054224,3,5.52,6,24.3,made,left,28.02143,16.51398,2016021022
5012,463121,2,3:32,1455165083424,3,5.8,6,28.05,missed,left,33.28448,25.98805,2016021022
5012,463121,2,2:05,1455165540810,3,1.08,0,25.4,missed,left,25.38295,40.48797,2016021022
5012,463121,2,0:00,1455165875001,2,NA,0,1.23,made,left,4.30929,25.7881,2016021022
5012,463121,4,8:43,1455169684727,3,1.04,0,27.46,missed,right,61.36957,22.889,2016021022
5012,463121,4,7:49,1455169827923,3,12.22,14,25.78,missed,right,63.178,21.70652,2016021022
5012,463121,4,6:13,1455169984799,2,16.88,17,7.09,missed,right,81.76582,23.78782,2016021022
5012,463121,4,6:12,1455169985798,2,NA,0,3.67,missed,right,90.528809999999993,21.79061,2016021022
5012,463121,4,6:05,1455169992958,3,1.2,0,26.06,made,right,64.18776,16.29114,2016021022
5012,463121,4,4:33,1455170385787,3,15.08,15,27.07,made,right,66.84961,9.09464,2016021022
5012,463121,4,3:12,1455170466224,3,14.8,16,27.76,missed,right,61.61288,19.14065,2016021022
5012,463121,4,2:13,1455170526102,2,9.72,9,25.44,made,right,70.56336,42.78325,2016021022
5161,522878,1,10:06,1455162121070,3,0.84,0,22.53,made,left,3.29132,47.44287,2016021022
5161,522878,1,9:41,1455162157349,3,1.04,0,26.54,missed,left,25.52609,42.13021,2016021022
5161,522878,1,6:21,1455162533259,2,4.12,5,4.25,missed,left,3.60079,28.91193,2016021022
5161,522878,2,10:59,1455163902138,2,3.8,4,15.51,missed,left,3.92403,40.4485,2016021022
5161,522878,2,9:45,1455163986616,2,9.64,12,6.54,missed,left,7.49727,18.86092,2016021022
5161,522878,2,7:24,1455164406963,2,6.48,8,18.02,made,left,20.05046,14.71358,2016021022
5161,522878,2,5:47,1455164559160,2,8.84,10,4.61,made,left,9.04419,27.6118,2016021022
5161,522878,2,0:34,1455165723925,2,10.07,11,11.99,missed,left,15.51164,31.20955,2016021022
5161,522878,3,9:48,1455167156362,2,6.24,6,7.14,made,right,86.50485,31.77405,2016021022
5161,522878,3,9:03,1455167249760,3,0.66,0,28.08,made,right,60.69235,26.22102,2016021022
5161,522878,3,7:55,1455167637148,2,0.04,0,2.68,missed,right,86.127440000000007,24.44453,2016021022
5161,522878,3,6:39,1455167735185,2,2.48,3,17.06,missed,right,83.49109,41.2344,2016021022
5161,522878,3,0:12,1455168777435,2,17.16,19,4.76,missed,right,89.47456,20.29803,2016021022
5161,522878,3,0:00,1455168889831,3,NA,0,26.99,missed,right,69.2741,6.31594,2016021022
5161,522878,4,9:49,1455169341977,3,7.6,9,23.75,missed,right,68.92878,11.90977,2016021022
5161,522878,4,1:44,1455170745737,2,1.4,1,20.68,made,right,81.54512,5.61563,2016021022
4617,329887,1,1:50,1455163350635,2,7.6,8,20.53,missed,left,13.23216,6.0832,2016021022
4617,329887,2,11:42,1455163816541,2,2.12,1,18.91,missed,left,22.62957,32.45848,2016021022
4617,329887,2,11:31,1455163826621,2,5.6,4,19.34,missed,left,4.1434,44.30744,2016021022
4617,329887,2,9:10,1455164022295,3,0.88,0,24.43,missed,left,29.63223,26.54264,2016021022
4617,329887,2,6:40,1455164451122,2,0.72,0,3.18,made,left,8.21723,26.14206,2016021022
4617,329887,4,9:11,1455169579971,2,3.12,1,16.44,made,right,84.88597,40.9782,2016021022
4617,329887,4,7:39,1455169837683,3,0.76,0,22.98,missed,right,86.51078,47.86726,2016021022
4617,329887,4,6:54,1455169943960,2,0.04,0,0.72,made,right,89.21082,25.55923,2016021022
4617,329887,4,2:38,1455170501024,2,4.72,5,20.8,missed,right,83.40422,4.90066,2016021022
4617,329887,4,1:13,1455170779255,3,0.84,0,22.85,missed,right,83.08685,47.13834,2016021022
5201,548610,1,3:10,1455163143561,2,3.87,3,23.51,made,left,26.4728,35.11136,2016021022
5201,548610,2,10:46,1455163915459,3,0.72,0,23.89,missed,left,14.04269,47.21072,2016021022
5201,548610,2,8:49,1455164086213,2,1.24,1,2.42,missed,left,7.57701,25.65843,2016021022
5201,548610,3,4:07,1455168122255,2,2.72,2,15.44,made,right,76.92854,34.92469,2016021022
5201,548610,3,2:01,1455168520722,3,4.2,4,24.56,missed,right,64.70803,19.97885,2016021022
5201,548610,4,11:22,1455169150223,2,3.28,2,12.63,missed,right,76.17324,23.89426,2016021022
5017,550131,1,4:43,1455162834449,2,0.92,0,17.05,made,left,5.17829,42.04683,2016021022
5017,550131,1,2:13,1455163327715,2,0.84,0,17.74,made,left,22.71538,21.87059,2016021022
5017,550131,2,10:44,1455163917338,2,0.04,0,4.4,made,left,6.82032,20.88867,2016021022
5017,550131,2,8:38,1455164097093,2,0.64,0,9.92,made,left,8.4374,15.60166,2016021022
5017,550131,3,5:27,1455167908500,2,0.88,0,17.95,made,right,70.89011,23.20273,2016021022
5017,550131,3,2:57,1455168191372,3,0.96,0,24.63,missed,right,65.78288,16.10276,2016021022
5017,550131,3,2:36,1455168388646,2,3.12,1,14.29,missed,right,74.46307,25.08814,2016021022
5017,550131,3,1:35,1455168547241,2,2.08,1,6.18,made,right,83.13637,27.58084,2016021022
5017,550131,4,10:10,1455169320299,2,3.4,1,17.71,missed,right,84.34043,7.84422,2016021022
4728,462458,2,10:10,1455163951177,2,3.76,2,12.55,missed,left,17.21147,28.7916,2016021022
5501,601514,4,0:34,1455170886852,3,0.72,0,24.39,missed,right,75.64656,4.4292299999999996,2016021022
